Designator,Comment,MPN,Mouser status,Mouser stock,Mouser unit price,Ext (5 boards),Mouser P/N,Note
C1,100uF 25V,EEE-FT1E101AP,OK,26837,0.77,3.85,667-EEE-FT1E101AP,
C2,100nF 25V,GRM21BR71H104KA01L,OUT OF STOCK,0,,0.0,81-GRM40X104K50L,lifecycle: Obsolete
"C3,C76,C77,C85",10uF 25V,CL31B106KAHNNNE,OUT OF STOCK,0,0.177,3.54,187-CL31B106KAHNNNE,
"C4,C21-C24,C105-C108",22pF C0G,GCM1885C2A220JA16D,OK,370,0.029,1.31,81-GCM1885C2A220J16D,
"C5,C6",22uF 10V,EMK316BB7226ML-T,OK,130308,0.313,3.13,963-EMK316BB7226ML-T,
"C7,C9,C95",1uF 10V,GRM21BR71H105KA12L,OUT OF STOCK,0,,0.0,81-GRM21BR71H105KA2L,lifecycle: Obsolete
"C8,C96",4.7uF 10V,GRM21BZ71E475KE15L,OK,166843,0.125,1.25,81-GRM21BZ71E475KE5L,
C10,47uF 10V,GRM31CR61A476ME15L,OUT OF STOCK,0,0.41,2.05,81-GRM31CR61A476ME5L,
"C11,C33-C36,C40,C41,C43,C44,C47,C50,C54,C56,C64,C69-C73,C75,C78,C89,C109,C110",100nF,GRM188R71H104KA93D,OUT OF STOCK,0,,0.0,81-GRM39X104K50D,lifecycle: Obsolete
C12,1nF 1kV C0G,CC0805KRX7RCBB102,OK,7030,0.32,1.6,603-CC0805KRCBB102,
"C13-C16,C97-C100",100pF C0G,GRM1885C1H101JA01D,OK,874973,0.042,1.68,81-GRM39C101J50,lifecycle: Not Recommended for New Designs
"C17-C20,C25-C28,C101-C104",4.7uF 35V FILM,35MU475KC44532,OUT OF STOCK,0,7.37,442.2,232-35MU475KC44532,
C29-C32,10nF C0G,GRM1885C1H103JA01D,OUT OF STOCK,0,0.052,1.04,81-GRM1885C1H103JA1D,
"C37,C74,C88",10uF 16V,CL31B106KAHNNNE,OUT OF STOCK,0,0.177,2.65,187-CL31B106KAHNNNE,
C39,1uF,GRM21BR71H105KA12L,OUT OF STOCK,0,,0.0,81-GRM21BR71H105KA2L,lifecycle: Obsolete
"C42,C45,C46,C55,C62",10uF,CL31B106KAHNNNE,OUT OF STOCK,0,0.177,4.42,187-CL31B106KAHNNNE,
"C48,C49,C93,C94",10nF,GRM188R71H103KA01D,OUT OF STOCK,0,,0.0,81-GRM39X103K50D,lifecycle: Factory Special Order
"C51,C52",2.2uF,GRM21BR71E225KE11L,OUT OF STOCK,0,0.072,0.72,81-GRM21BR71E225KE1L,
"C53,C59-C61,C65",1uF,GRM188R71E105KA12D,OUT OF STOCK,0,,0.0,81-GRM188R71E105KA2D,lifecycle: Obsolete
"C57,C58,C86,C87",2.2uF 25V FILM,25MU225MB23225,OUT OF STOCK,0,5.38,107.6,232-25MU225MB23225,
C66,100uF 16V,EEE-FK1C101P,OK,39402,0.61,3.05,667-EEE-FK1C101P,
"C67,C68",2.2nF C0G,GRM1885C1H222JA01D,OUT OF STOCK,0,0.03,0.3,81-GRM1885C1H222JA01,
C79,47nF,CC0603KRX7R9BB473,OK,90145,0.13,0.65,603-C0603KRX7R9BB473,
C80,4.7nF C0G,GRM1885C1H472JA01D,OK,113694,0.12,0.6,81-GRM1885C1H472JA1D,
C81,47pF C0G,GCM1885C2A470JA16D,OK,150385,0.1,0.5,81-GCM1885C2A470J16D,
C83,1uF 16V,GRM188R71E105KA12D,OUT OF STOCK,0,,0.0,81-GRM188R71E105KA2D,lifecycle: Obsolete
C90-C92,10uF 10V,CL21B106KAYQNNE,OUT OF STOCK,0,0.235,3.52,187-CL21B106KAYQNNE,
"D1,D10,D12,D14",B340A 40V 3A,B340A-13-F,OK,26683,0.241,4.82,621-B340A-F,
D2,SMBJ12A,SMBJ12A,OK,45272,0.48,2.4,576-SMBJ12A,
D3,SS14,SS14-13-F,NOT FOUND at Mouser,,,0.0,,[]
D4,POWER BLUE,3A4BUD,NOT FOUND at Mouser,,,0.0,,[]
D5,RECORD RED,1254-10SURT/S530-A3,OUT OF STOCK,0,0.093,0.46,638-125410SURTS530A3, min 3000
"D6-D9,D20-D23",PESD12VL1BA,"PESD12VL1BA,115",OUT OF STOCK,0,,0.0,771-PESD12VL1BA-T/R,lifecycle: Restricted Availability
D11,USBLC6-2SC6,USBLC6-2SC6,OK,72716,0.49,2.45,511-USBLC6-2SC6,
"D13,D15-D19",1N4148W,1N4148W-7-F,OK,1229708,0.077,2.31,621-1N4148W-F,
D24,BAT54,"BAT54,215",OUT OF STOCK,0,0.14,0.7,771-BAT54-T/R,
F1,750mA PTC,1206L075/13.2WR,OK,9240,0.54,2.7,576-1206L075/13.2WR,
F2,2A PTC,1206L200/12WR,NOT FOUND at Mouser,,,0.0,,[]
J1,9V DC IN,PJ-102AH,OUT OF STOCK,0,0.77,3.85,490-PJ-102AH,
J2,AMBISONIC MIC RJ45,RJHSE-5380,OK,6190,1.66,8.3,523-RJHSE-5380,
J3,MSP3526 TFT 3.5IN 14PIN SOCKET,PPTC141LFBN-RC,NOT FOUND at Mouser,,,0.0,,[]
J4,1/4in BINAURAL LINE OUT,NRJ6HF,OK,11473,0.9,4.5,550-20311,
J5,1/8in BINAURAL HEADPHONE OUT,SJ1-3533NG,OK,7539,1.68,8.4,490-SJ1-3533NG,
J9,USB-C POWER + DATA,TYPE-C-31-M-12,NOT FOUND at Mouser,,,0.0,,[]
J10,BATTERY 1S LiPo,B2B-PH-K-S,OK (matched B2B-PH-K-S(LF)(SN)),42193,0.11,0.55,306-B2BPHKSLFSNPP,
K1,G6K-2F-Y 5VDC,G6K-2F-Y DC5,NOT FOUND at Mouser,,,0.0,,"G6K-2F-Y-DC5, G6K-2F-Y-TR DC5"
L1,2.2uH 1.5A,ASPIAIG-F4020-2R2M-T,OK,4229,1.87,9.35,815-SPIAIGF40202.2MT,
L2,10uH 2A,SRN6045TA-100M,OK,4332,0.5,2.5,652-SRN6045TA-100M,
"Q1,Q2,Q5,Q7,Q9",2N7002,"2N7002,215",OUT OF STOCK,0,0.132,3.3,771-2N7002-T/R,
"Q3,Q4,Q6,Q8",AO3401A,AO3401A,NOT FOUND at Mouser,,,0.0,,[]
R1,680k,RC0603FR-07680KL,OK,76895,0.1,0.5,603-RC0603FR-07680KL,
R2,130k,RC0603FR-07130KL,OK,44632,0.1,0.5,603-RC0603FR-07130KL,
"R3,R43,R64,R77,R85,R94,R95,R98,R100,R101,R103,R108",100k,RC0603FR-07100KL,OK,3710049,0.014,0.84,603-RC0603FR-07100KL,
"R4,R14-R17,R86-R90,R114-R117",1M,RC0603FR-071ML,OK,1422737,0.014,0.98,603-RC0603FR-071ML,
R5,0R CHASSIS LINK,RC0603FR-070RL,skip (DNP or no MPN),,,0.0,,
R6-R9,4.7k ELECTRET BIAS,RC0603FR-074K7L,OK,1442517,0.014,0.28,603-RC0603FR-074K7L,
"R10-R13,R110-R113",100R RF,RC0603FR-07100RL,OK,4700289,0.014,0.56,603-RC0603FR-07100RL,
"R18,R20,R22,R24",68k 0.1%,RT0603BRD0768KL,OK,3072,0.06,1.2,603-RT0603BRD0768KL,
"R19,R21,R23,R25",33k 0.1%,RT0603BRD0733KL,OUT OF STOCK,0,0.063,1.26,603-RT0603BRD0733KL,
"R26-R29,R118-R121",10k 0.1%,RT0603BRD0710KL,OK,211354,0.06,2.4,603-RT0603BRD0710KL,
"R30-R33,R122-R125",90.9k 0.1%,RT0603BRD0790K9L,OK,18484,0.06,2.4,603-RT0603BRD0790K9L,
"R34-R37,R42,R61,R84,R99,R102,R107",100R,RC0603FR-07100RL,OK,4700289,0.014,0.7,603-RC0603FR-07100RL,
R38-R41,100k,RC0603FR-07100KL,skip (DNP or no MPN),,,0.0,,
"R44,R45",4.7k,RC0603FR-074K7L,OK,1442517,0.014,0.14,603-RC0603FR-074K7L,
"R46-R49,R57-R59,R69",33R,RC0603FR-0733RL,OK,556259,0.014,0.56,603-RC0603FR-0733RL,
"R50-R53,R60,R70-R74,R79,R81,R83,R96,R97,R106",10k,RC0603FR-0710KL,OK,3459705,0.014,1.12,603-RC0603FR-0710KL,
R54,2.2k,RC0603FR-072K2L,OK,565220,0.1,0.5,603-RC0603FR-072K2L,
R55,1k,RC0603FR-071KL,OK,314950,0.1,0.5,603-RC0603FR-071KL,
R56,100R TFT BACKLIGHT,RC0805FR-07100RL,OK,535302,0.1,0.5,603-RC0805FR-07100RL,
"R62,R63",470R,RC0603FR-13470RL,OK,38179,0.014,0.14,603-RC0603FR-13470RL,
"R65,R66",10R,RC0603FR-0710RL,OUT OF STOCK,0,0.017,0.17,603-RC0603FR-0710RL,
R67,100R MIC BIAS FILTER,RC0603FR-07100RL,OK,4700289,0.1,0.5,603-RC0603FR-07100RL,
"R75,R76",5.1k,RC0603FR-075K1L,OUT OF STOCK,0,0.014,0.14,603-RC0603FR-075K1L,
R78,47k,RC0603FR-0747KL,OK,1800998,0.1,0.5,603-RC0603FR-0747KL,
R80,75k,RC0603FR-0775KL,OK,18135,0.11,0.55,603-RC0603FR-0775KL,
R82,80.6k,RC0603FR-0780K6L,OK,5127,0.11,0.55,603-RC0603FR-0780K6L,
R91,1.1k ILIM,RC0603FR-071K1L,OK,27769,0.1,0.5,603-RC0603FR-071K1L,
R92,1.2k ISET,RC0603FR-071K2L,OK,213146,0.1,0.5,603-RC0603FR-071K2L,
R93,10k TS,RC0603FR-0710KL,OK,3459705,0.1,0.5,603-RC0603FR-0710KL,
R104,100k BLEED,RC0603FR-07100KL,OK,3710049,0.1,0.5,603-RC0603FR-07100KL,
SW2,RECORD START/STOP,TS02-66-150-BK-160-LCR-D,OK,3418,0.13,0.65,179-TS0266150BK160LC,
SW3,MASTER GAIN,EC11E15244G1,OK,785,4.23,21.15,688-EC11E15244G1,
SW4,TFT MENU NAV,RKJXT1F42001,OK,1258,9.05,45.25,688-RKJXT1F42001,
TP1,USB D+ WIRE TO TEENSY,,skip (DNP or no MPN),,,0.0,,
TP2,USB D- WIRE TO TEENSY,,skip (DNP or no MPN),,,0.0,,
U1,TPS62160DGK,TPS62160DGKR,OK,163,1.8,9.0,595-TPS62160DGKR,
"U2,U14",TPS7A2033PDBV,TPS7A2033PDBVR,OUT OF STOCK,0,0.254,2.54,595-TPS7A2033PDBVR,
U3,TLE2426ID,TLE2426IDR,OK,1886,2.87,14.35,595-TLE2426IDR,
"U4,U5,U15",CD4053BPW,CD4053BPWR,OK,3184,0.472,7.08,595-CD4053BPWR,
"U6,U16",OPA1654,OPA1654AIPWR,OK,1335,2.75,27.5,595-OPA1654AIPWR,
U7,PCM1864DBT,PCM1864DBTR,OK,1856,6.32,31.6,595-PCM1864DBTR,
U8,Teensy 4.1,TEENSY41,NOT FOUND at Mouser,,,0.0,,[]
U9,PCM5102A,PCM5102APWR,OK,69,3.81,19.05,595-PCM5102APWR,
U10,TPA6130A2RTJ,TPA6130A2RTJR,OK,265,1.24,6.2,595-TPA6130A2RTJR,
U11,TPS61175PWP,TPS61175PWPR,OK,53,4.49,22.45,595-TPS61175PWPR,
U12,TPS7A4701RGW,TPS7A4701RGWR,OUT OF STOCK,0,5.92,29.6,595-TPS7A4701RGWR,
U13,BQ24074RGT,BQ24074RGTR,OK,1342,2.43,12.15,595-BQ24074RGTR,
