"Reference","Value","Footprint","Manufacturer","MPN","AltMPN","LCSC"
"C1","100uF 25V","Capacitor_SMD:CP_Elec_6.3x5.8","Panasonic","EEE-FT1E101AP","Lelon VZS101M1ETR-0606","C178590"
"C2","100nF 25V","Capacitor_SMD:C_0805_2012Metric","Murata","GRM21BR71H104KA01L","Samsung CL21B104KCFNNNE","C77082"
"C3,C76,C77,C85","10uF 25V","Capacitor_SMD:C_1206_3216Metric","Samsung","CL31B106KAHNNNE","Murata GRM31CR71E106KA12L","C14860"
"C4,C21-C24","22pF C0G","Capacitor_SMD:C_0603_1608Metric","Murata","GCM1885C2A220JA16D","FOJAN FCC0603N220J500CT","C408549"
"C5,C6","22uF 10V","Capacitor_SMD:C_1206_3216Metric","Taiyo Yuden","EMK316BB7226ML-T","Murata GRM31CZ71C226ME15L","C385906"
"C7,C9","1uF 10V","Capacitor_SMD:C_0805_2012Metric","Murata","GRM21BR71H105KA12L","Yageo CC0805KKX7R9BB105","C77083"
"C8","4.7uF 10V","Capacitor_SMD:C_0805_2012Metric","Murata","GRM21BZ71E475KE15L","Samsung CL21B475KAFNNNE","C437556"
"C10","47uF 10V","Capacitor_SMD:C_1206_3216Metric","Murata","GRM31CR61A476ME15L","Taiyo Yuden EMK316BBJ476ML-T","C94034"
"C11,C33-C36,C40,C41,C43,C44,C47,C50,C54,C56,C63,C64,C69-C73,C75,C78,C89","100nF","Capacitor_SMD:C_0603_1608Metric","Murata","GRM188R71H104KA93D","Samsung CL10B104KB8NNNC","C77055"
"C12","1nF 1kV C0G","Capacitor_SMD:C_0805_2012Metric","Yageo","CC0805KRX7RCBB102","Murata GRM31C5C3A102JWA3L","C309495"
"C13-C16","100pF C0G","Capacitor_SMD:C_0603_1608Metric","Murata","GRM1885C1H101JA01D","Samsung CL10C101JB8NNNC","C71664"
"C17-C20,C25-C28","4.7uF 16V","Capacitor_SMD:C_1206_3216Metric","Murata","GRM31CR71H475KA12L","Samsung CL31B475KBHNNNE","C77096"
"C29-C32","10nF C0G","Capacitor_SMD:C_0603_1608Metric","Murata","GRM1885C1H103JA01D","TDK C1608C0G1H103JT000N","C85973"
"C37,C74,C88","10uF 16V","Capacitor_SMD:C_1206_3216Metric","Samsung","CL31B106KAHNNNE","Murata GRM31CR71E106KA12L","C14860"
"C38,C39,C53","1uF","Capacitor_SMD:C_0805_2012Metric","Murata","GRM21BR71H105KA12L","Yageo CC0805KKX7R9BB105","C77083"
"C42,C45,C46,C55,C62","10uF","Capacitor_SMD:C_1206_3216Metric","Samsung","CL31B106KAHNNNE","Murata GRM31CR71E106KA12L","C14860"
"C48,C49","10nF","Capacitor_SMD:C_0603_1608Metric","Murata","GRM188R71H103KA01D","Samsung CL10B103KB8NNNC","C77053"
"C51,C52","2.2uF","Capacitor_SMD:C_0805_2012Metric","Murata","GRM21BR71E225KE11L","Samsung CL21B225KAFNNNE","C77081"
"C57,C58,C86,C87","2.2uF X7R","Capacitor_SMD:C_0805_2012Metric","Murata","GRM21BR71E225KE11L","Samsung CL21B225KAFNNNE","C77081"
"C59-C61,C65","1uF","Capacitor_SMD:C_0603_1608Metric","Murata","GRM188R71E105KA12D","Yageo CC0603KRX7R8BB105","C86020"
"C66","100uF 16V","Capacitor_SMD:CP_Elec_6.3x5.8","Panasonic","EEE-FK1C101P","Lelon VZL101M1CTR-0606","C128532"
"C67,C68","2.2nF C0G","Capacitor_SMD:C_0603_1608Metric","Murata","GRM1885C1H222JA01D","Samsung CL10C222JB8NNNC","C77033"
"C79","47nF","Capacitor_SMD:C_0603_1608Metric","Yageo","CC0603KRX7R9BB473","Samsung CL10B473KB8NNNC","C107093"
"C80","4.7nF C0G","Capacitor_SMD:C_0603_1608Metric","Murata","GRM1885C1H472JA01D","TDK CGA3EAC0G2A472JT000E","C85980"
"C81","47pF C0G","Capacitor_SMD:C_0603_1608Metric","Murata","GCM1885C2A470JA16D","FH 0603CG470J500NT","C126580"
"C83","1uF 16V","Capacitor_SMD:C_0603_1608Metric","Murata","GRM188R71E105KA12D","Yageo CC0603KRX7R8BB105","C86020"
"C90-C92","10uF 10V","Capacitor_SMD:C_0805_2012Metric","Samsung","CL21B106KAYQNNE","Murata GRM21BZ71E106KE15L","C3039694"
"D1,D10,D12,D14","SS34","Diode_SMD:D_SMA","Vishay","SS34-E3/57T","",""
"D2","SMBJ12A","Diode_SMD:D_SMB","Littelfuse","SMBJ12A","",""
"D3","SS14","Diode_SMD:D_SMA","Diodes Incorporated","SS14-13-F","",""
"D4","POWER BLUE","LED_SMD:LED_0603_1608Metric","Lite-On","LTST-C190TBKT","",""
"D5","RECORD RED","LED_SMD:LED_0603_1608Metric","Lite-On","LTST-C190KRKT","",""
"D6-D9","PESD12VL1BA","Diode_SMD:D_SOD-323","Nexperia","PESD12VL1BA,115","",""
"D11","USBLC6-2SC6","Package_TO_SOT_SMD:SOT-23-6","STMicroelectronics","USBLC6-2SC6","",""
"D13","1N4148W","Diode_SMD:D_SOD-123","Diodes Incorporated","1N4148W-7-F","",""
"D15-D19","BAT54W","Diode_SMD:D_SOD-123","Diodes Incorporated","BAT54W-7-F","",""
"F1","750mA PTC","Fuse:Fuse_1206_3216Metric","Littelfuse","1206L075/13.2WR","",""
"F2","2A PTC","Fuse:Fuse_1206_3216Metric","Littelfuse","1206L200/12WR","",""
"J1","9V DC IN","Connector_BarrelJack:BarrelJack_CUI_PJ-102AH_Horizontal","CUI Devices","PJ-102AH","",""
"J2","AMBISONIC MIC RJ45","Connector_RJ:RJ45_Amphenol_RJHSE5380","Amphenol ICC","RJHSE-5380","",""
"J3","MSP3526 TFT 3.5IN 14PIN SOCKET","Connector_PinSocket_2.54mm:PinSocket_1x14_P2.54mm_Vertical","Sullins Connector Solutions","PPTC141LFBN-RC","",""
"J4","1/4in BINAURAL LINE OUT","Connector_Audio:Jack_6.35mm_Neutrik_NRJ6HF_Horizontal","Neutrik","NRJ6HF","",""
"J5","1/8in BINAURAL HEADPHONE OUT","Connector_Audio:Jack_3.5mm_CUI_SJ1-3533NG_Horizontal","CUI Devices","SJ1-3533NG","",""
"J6","ANALOG TEST HEADER 2x13","Connector_PinHeader_2.54mm:PinHeader_2x13_P2.54mm_Vertical","CONNFLY","DS1021-2x13SF11-B","HCTL PZ254-2-13-Z-8.5","C7430409"
"J7","DIGITAL TEST HEADER 2x13","Connector_PinHeader_2.54mm:PinHeader_2x13_P2.54mm_Vertical","CONNFLY","DS1021-2x13SF11-B","HCTL PZ254-2-13-Z-8.5","C7430409"
"J9","USB-C POWER + DATA","Connector_USB:USB_C_Receptacle_HRO_TYPE-C-31-M-12","HRO","TYPE-C-31-M-12","",""
"J10","BATTERY 1S LiPo","Connector_JST:JST_PH_B2B-PH-K_1x02_P2.00mm_Vertical","JST","B2B-PH-K-S","",""
"K1","G6K-2F-Y 5VDC","Relay_SMD:Relay_DPDT_Omron_G6K-2F-Y","Omron","G6K-2F-Y DC5","",""
"L1","2.2uH 1.5A","Inductor_SMD:L_Abracon_ASPIAIG-F4020","Abracon","ASPIAIG-F4020-2R2M-T","",""
"L2","10uH 2A","Inductor_SMD:L_Bourns_SRN6045TA","Bourns","SRN6045TA-100M","",""
"Q1,Q2","2N7002","Package_TO_SOT_SMD:SOT-23","Nexperia","2N7002,215","",""
"Q3,Q4","AO3401A","Package_TO_SOT_SMD:SOT-23","Alpha & Omega","AO3401A","",""
"R1","680k","Resistor_SMD:R_0603_1608Metric","Yageo","RC0603FR-07680KL","UNI-ROYAL 0603WAF6803T5E","C25822"
"R2","130k","Resistor_SMD:R_0603_1608Metric","Yageo","RC0603FR-07130KL","UNI-ROYAL 0603WAF1303T5E","C22795"
"R3,R38-R41,R43,R64,R77,R85,R94,R95","100k","Resistor_SMD:R_0603_1608Metric","Yageo","RC0603FR-07100KL","UNI-ROYAL 0603WAF1003T5E","C25803"
"R4,R14-R17,R86-R90","1M","Resistor_SMD:R_0603_1608Metric","Yageo","RC0603FR-071ML","UNI-ROYAL 0603WAF1004T5E","C22935"
"R5","0R CHASSIS LINK","Resistor_SMD:R_0603_1608Metric","Yageo","RC0603FR-070RL","UNI-ROYAL 0603WAF0000T5E","C21189"
"R6-R9","4.7k ELECTRET BIAS","Resistor_SMD:R_0603_1608Metric","Yageo","RC0603FR-074K7L","UNI-ROYAL 0603WAF4701T5E","C23162"
"R10-R13","100R RF","Resistor_SMD:R_0603_1608Metric","Yageo","RC0603FR-07100RL","UNI-ROYAL 0603WAF1000T5E","C22775"
"R18,R20,R22,R24","68k 0.1%","Resistor_SMD:R_0603_1608Metric","Yageo","RT0603BRD0768KL","Panasonic ERA3AEB683V","C705793"
"R19,R21,R23,R25","33k 0.1%","Resistor_SMD:R_0603_1608Metric","Yageo","RT0603BRD0733KL","Vishay TNPW060333K0BEEA","C705768"
"R26-R29","10k 0.1%","Resistor_SMD:R_0603_1608Metric","Yageo","RT0603BRD0710KL","Vishay TNPW060310K0BEEA","C95204"
"R30-R33","90.9k 0.1%","Resistor_SMD:R_0603_1608Metric","Yageo","RT0603BRD0790K9L","Vishay TNPW060390K9BEEA","C728600"
"R34-R37,R42,R61,R84","100R","Resistor_SMD:R_0603_1608Metric","Yageo","RC0603FR-07100RL","UNI-ROYAL 0603WAF1000T5E","C22775"
"R44,R45","4.7k","Resistor_SMD:R_0603_1608Metric","Yageo","RC0603FR-074K7L","UNI-ROYAL 0603WAF4701T5E","C23162"
"R46-R49,R57-R59,R69","33R","Resistor_SMD:R_0603_1608Metric","Yageo","RC0603FR-0733RL","UNI-ROYAL 0603WAF330JT5E","C23140"
"R50-R53,R60,R70-R74,R79,R81,R83","10k","Resistor_SMD:R_0603_1608Metric","Yageo","RC0603FR-0710KL","UNI-ROYAL 0603WAF1002T5E","C25804"
"R54","2.2k","Resistor_SMD:R_0603_1608Metric","Yageo","RC0603FR-072K2L","UNI-ROYAL 0603WAF2201T5E","C4190"
"R55,R68","1k","Resistor_SMD:R_0603_1608Metric","Yageo","RC0603FR-071KL","UNI-ROYAL 0603WAF1001T5E","C21190"
"R56","100R TFT BACKLIGHT","Resistor_SMD:R_0805_2012Metric","Yageo","RC0805FR-07100RL","",""
"R62,R63","470R","Resistor_SMD:R_0603_1608Metric","Yageo","RC0603FR-13470RL","UNI-ROYAL 0603WAF4700T5E","C23179"
"R65,R66","10R","Resistor_SMD:R_0603_1608Metric","Yageo","RC0603FR-0710RL","FOJAN FRC0603F10R0TS","C2906983"
"R67","100R MIC BIAS FILTER","Resistor_SMD:R_0603_1608Metric","Yageo","RC0603FR-07100RL","UNI-ROYAL 0603WAF1000T5E","C22775"
"R75,R76","5.1k","Resistor_SMD:R_0603_1608Metric","Yageo","RC0603FR-075K1L","UNI-ROYAL 0603WAF5101T5E","C23186"
"R78","47k","Resistor_SMD:R_0603_1608Metric","Yageo","RC0603FR-0747KL","UNI-ROYAL 0603WAF4702T5E","C25819"
"R80","75k","Resistor_SMD:R_0603_1608Metric","Yageo","RC0603FR-0775KL","UNI-ROYAL 0603WAF7502T5E","C23242"
"R82","80.6k","Resistor_SMD:R_0603_1608Metric","Yageo","RC0603FR-0780K6L","Panasonic ERJ3EKF8062V","C403361"
"R91","1.1k ILIM","Resistor_SMD:R_0603_1608Metric","Yageo","RC0603FR-071K1L","UNI-ROYAL 0603WAF1101T5E","C22764"
"R92","1.2k ISET","Resistor_SMD:R_0603_1608Metric","Yageo","RC0603FR-071K2L","UNI-ROYAL 0603WAF1201T5E","C22765"
"R93","10k TS","Resistor_SMD:R_0603_1608Metric","Yageo","RC0603FR-0710KL","UNI-ROYAL 0603WAF1002T5E","C25804"
"SW2","RECORD START/STOP","Button_Switch_THT:SW_PUSH-12mm","Omron","B3F-5150","",""
"SW3","MASTER GAIN","Rotary_Encoder:RotaryEncoder_Alps_EC11E-Switch_Vertical_H20mm","Alps Alpine","EC11E15244G1","",""
"SW4","TFT MENU NAV","QuadPreRecorder:SW_Nav_ALPS_SKQUCAA010","Alps Alpine","SKQUCAA010","",""
"TP1","USB D+ WIRE TO TEENSY","TestPoint:TestPoint_Pad_2.0x2.0mm","","","",""
"TP2","USB D- WIRE TO TEENSY","TestPoint:TestPoint_Pad_2.0x2.0mm","","","",""
"U1","TPS62160DGK","Package_SO:VSSOP-8_3x3mm_P0.65mm","Texas Instruments","TPS62160DGKR","",""
"U2","TPS7A2033PDBV","Package_TO_SOT_SMD:SOT-23-5","Texas Instruments","TPS7A2033PDBVR","",""
"U3","TLE2426ID","Package_SO:SOIC-8_3.9x4.9mm_P1.27mm","Texas Instruments","TLE2426IDR","",""
"U4,U5","CD4053BPW","Package_SO:TSSOP-16_4.4x5mm_P0.65mm","Texas Instruments","CD4053BPWR","",""
"U6","OPA1654","Package_SO:TSSOP-14_4.4x5mm_P0.65mm","Texas Instruments","OPA1654AIPWR","",""
"U7","PCM1864DBT","Package_SO:TSSOP-30_4.4x7.8mm_P0.5mm","Texas Instruments","PCM1864DBTR","",""
"U8","Teensy 4.1","QuadPreRecorder:Teensy41_Socket","PJRC","TEENSY41","",""
"U9","PCM5102A","Package_SO:TSSOP-20_4.4x6.5mm_P0.65mm","Texas Instruments","PCM5102APWR","",""
"U10","TPA6130A2RTJ","Package_DFN_QFN:WQFN-20-1EP_4x4mm_P0.5mm_EP2.7x2.7mm","Texas Instruments","TPA6130A2RTJR","",""
"U11","TPS61175PWP","Package_SO:Texas_HTSSOP-14-1EP_4.4x5mm_P0.65mm_EP3.4x5mm_Mask3.155x3.255mm","Texas Instruments","TPS61175PWPR","",""
"U12","TPS7A4701RGW","Package_DFN_QFN:Texas_RGW0020A_VQFN-20-1EP_5x5mm_P0.65mm_EP3.15x3.15mm","Texas Instruments","TPS7A4701RGWR","",""
"U13","BQ24074RGT","Package_DFN_QFN:VQFN-16-1EP_3x3mm_P0.5mm_EP1.68x1.68mm","Texas Instruments","BQ24074RGTR","",""
