designators,value,qty (5 boards),manufacturer,MPN,best source,best source part no.,unit $,ext $,Mouser stock,Mouser unit $,LCSC code,LCSC stock,LCSC unit $,note
C1,100uF 25V,5,Panasonic,EEE-FT1E101AP,LCSC,C178590,0.4731,2.37,26837,0.77,C178590,488,0.4731,
C2,100nF 25V,5,Samsung,CL21B104KCFNNNE,LCSC,C28233,0.0411,0.21,0,0.12,C28233,599050,0.0411,
"C3,C76,C77,C85",10uF 25V,20,Samsung,CL31B106KAHNNNE,LCSC,C14860,0.1958,3.92,0,,C14860,976180,0.1958,0 at Mouser under either Samsung or Murata number; LCSC deep. Mouser substitute: any 10uF 25V X7R 1206
"C4,C21-C24,C105-C108",22pF C0G,45,Murata,GCM1885C2A220JA16D,LCSC,C408549,0.0244,1.1,370,0.029,C408549,52750,0.0244,
"C5,C6",22uF 10V,10,Taiyo Yuden,EMK316BB7226ML-T,Mouser,963-EMK316BB7226ML-T,0.313,3.13,130308,0.313,C385906,85725,0.3617,
"C7,C9,C95",1uF 10V,15,Yageo,CC0805KKX7R9BB105,LCSC,C91185,0.0427,0.64,295146,0.25,C91185,807440,0.0427,
"C8,C96",4.7uF 10V,10,Murata,GRM21BZ71E475KE15L,Mouser,81-GRM21BZ71E475KE5L,0.125,1.25,166843,0.125,C437556,10820,0.1313,
C10,47uF 10V,5,Taiyo Yuden,EMK316BBJ476ML-T,LCSC,C385907,0.3279,1.64,207952,0.65,C385907,118905,0.3279,
"C11,C33-C36,C40,C41,C43,C44,C47,C50,C54,C56,C64,C69-C73,C75,C78,C89,C109,C110",100nF,120,Samsung,CL10B104KB8NNNC,LCSC,C1591,0.0105,1.26,0,0.031,C1591,1061000,0.0105,
C12,1nF 1kV C0G,5,Yageo,CC0805KRX7RCBB102,LCSC,C309495,0.0541,0.27,7030,0.32,C309495,303600,0.0541,
"C13-C16,C97-C100",100pF C0G,40,Murata,GRM1885C1H101JA01D,LCSC,C71664,0.027,1.08,874973,0.042,C71664,163900,0.027,
"C17-C20,C25-C28,C101-C104",4.7uF 35V FILM,60,Rubycon,35MU475KC44532,LCSC,C3778321,0.7848,47.09,0,7.37,C3778321,6901,0.7848,
C29-C32,10nF C0G,20,TDK,C1608C0G1H103JT000N,LCSC,C76599,0.046,0.92,0,,C76599,16000,0.046,
"C37,C74,C88",10uF 16V,15,Samsung,CL31B106KAHNNNE,LCSC,C14860,0.1958,2.94,0,,C14860,976180,0.1958,
C39,1uF,5,Yageo,CC0805KKX7R9BB105,LCSC,C91185,0.0427,0.21,295146,0.25,C91185,807440,0.0427,
"C42,C45,C46,C55,C62",10uF,25,Samsung,CL31B106KAHNNNE,LCSC,C14860,0.1958,4.9,0,,C14860,976180,0.1958,
"C48,C49,C93,C94",10nF,20,Samsung,CL10B103KB8NNNC,LCSC,C1589,0.0102,0.2,832866,0.017,C1589,2495400,0.0102,
"C51,C52,C83",2.2uF,15,Samsung,CL21B225KAFNNNE,LCSC,C19110,0.0378,0.57,71598,0.05,C19110,62030,0.0378,
"C53,C59-C61,C65",1uF,25,Yageo,CC0603KRX7R8BB105,LCSC,C106858,0.0378,0.95,0,0.149,C106858,119980,0.0378,
"C57,C58,C86,C87",2.2uF 25V FILM,20,Rubycon,25MU225MB23225,LCSC,C3778570,0.6146,12.29,0,5.38,C3778570,429,0.6146,PMLCAP film; LCSC 429 pcs (20 needed) - buy spares
C66,100uF 16V,5,Panasonic,EEE-FK1C101P,LCSC,C128532,0.2697,1.35,39402,0.61,C128532,6090,0.2697,
"C67,C68",2.2nF C0G,10,Samsung,CL10C222JB8NNNC,LCSC,C33353,0.0458,0.46,0,0.089,C33353,16980,0.0458,
C79,47nF,5,Yageo,CC0603KRX7R9BB473,LCSC,C107093,0.0077,0.04,90145,0.13,C107093,1544200,0.0077,
C80,4.7nF C0G,5,Murata,GRM1885C1H472JA01D,LCSC,C85980,0.0281,0.14,113694,0.12,C85980,55320,0.0281,
C81,47pF C0G,5,Murata,GCM1885C2A470JA16D,LCSC,C126580,0.0162,0.08,150385,0.1,C126580,850,0.0162,
C90-C92,10uF 10V,15,Murata,GRM21BZ71E106KE15L,LCSC,C237493,0.3768,5.65,0,0.144,C237493,92685,0.3768,
"D1,D10,D12,D14",B340A 40V 3A,20,Diodes Incorporated,B340A-13-F,LCSC,C7450457,0.0293,0.59,26683,0.241,C7450457,16280,0.0293,
D2,SMBJ12A,5,Littelfuse,SMBJ12A,Mouser,576-SMBJ12A,0.48,2.4,45272,0.48,,0,,
D3,SS14,5,onsemi,SS14,Mouser,512-SS14,0.44,2.2,189943,0.44,,0,,
D4,POWER BLUE,5,Kingbright,WP7113QBC/D,Mouser,604-WP7113QBC/D,0.44,2.2,3345,0.44,,0,,any 3 mm blue / red LED is acceptable
D5,RECORD RED,5,Kingbright,WP7113ID,Mouser,604-WP7113ID,0.21,1.05,79616,0.21,,0,,any 3 mm blue / red LED is acceptable
"D6-D9,D20-D23",PESD12VL1BA,40,Nexperia,"PESD12VL1BA,115",LCSC,C38558,0.3046,12.18,0,,C38558,20805,0.3046,
D11,USBLC6-2SC6,5,STMicroelectronics,USBLC6-2SC6,Mouser,511-USBLC6-2SC6,0.49,2.45,72716,0.49,,0,,
"D13,D15-D19",1N4148W,30,Diodes Incorporated,1N4148W-7-F,LCSC,C81598,0.0127,0.38,1229708,0.077,C81598,2380300,0.0127,
D24,BAT54,5,Diodes Incorporated,BAT54-7-F,Mouser,621-BAT54-F,0.19,0.95,90466,0.19,,0,,
F1,750mA PTC,5,Littelfuse,1206L075/13.2WR,Mouser,576-1206L075/13.2WR,0.54,2.7,9240,0.54,,0,,
F2,2A PTC,5,Littelfuse,1206L200PR,Mouser,576-1206L200PR,0.65,3.25,9074,0.65,,0,,
J1,9V DC IN,5,CUI Devices,PJ-102AH,LCSC,C3096093,1.0931,5.47,0,0.77,C3096093,1676,1.0931,
J2,AMBISONIC MIC RJ45,5,Amphenol ICC,RJHSE-5380,Mouser,523-RJHSE-5380,1.66,8.3,6190,1.66,,0,,
J3,MSP3526 TFT 3.5IN 14PIN SOCKET,5,Sullins Connector Solutions,PPTC141LFBN-RC,DigiKey,S7043-ND,,,0,,,0,,"Sullins house line, DigiKey only (not at Mouser/LCSC); any 1x14 2.54 mm female header is a fine substitute"
J4,1/4in BINAURAL LINE OUT,5,Neutrik,NRJ6HF,Mouser,550-20311,0.9,4.5,11473,0.9,,0,,
J5,1/8in BINAURAL HEADPHONE OUT,5,CUI Devices,SJ1-3533NG,Mouser,490-SJ1-3533NG,1.68,8.4,7539,1.68,,0,,
J9,USB-C POWER + DATA,5,HRO,TYPE-C-31-M-12,LCSC,C165948,0.1873,0.94,0,,C165948,231585,0.1873,
J10,BATTERY 1S LiPo,5,JST,B2B-PH-K-S,Mouser,306-B2BPHKSLFSNPP,0.11,0.55,42193,0.11,,0,,
K1,G6K-2F-Y 5VDC,5,Omron,G6K-2F-Y DC5,Mouser,653-G6K-2F-Y-DC5,4.98,24.9,3464,4.98,,0,,Mouser lists it as G6K-2F-Y-DC5 (hyphen); same Omron part
L1,2.2uH 1.5A,5,Abracon,ASPIAIG-F4020-2R2M-T,Mouser,815-SPIAIGF40202.2MT,1.87,9.35,4229,1.87,,0,,
L2,10uH 2A,5,Bourns,SRN6045TA-100M,Mouser,652-SRN6045TA-100M,0.5,2.5,4332,0.5,,0,,
"Q1,Q2,Q5,Q7,Q9",2N7002,25,Nexperia,2N7002NXAKR,Mouser,771-2N7002NXAKR,0.061,1.52,671600,0.061,,0,,
"Q3,Q4,Q6,Q8",AO3401A,20,Alpha & Omega,AO3401A,LCSC,C15127,0.095,1.9,0,,C15127,217815,0.095,
R1,680k,5,Yageo,RC0603FR-07680KL,Mouser,603-RC0603FR-07680KL,0.1,0.5,76895,0.1,,0,,
"R2,R130",130k,10,Yageo,RC0603FR-07130KL,LCSC,C163432,0.0048,0.05,44632,0.014,C163432,59500,0.0048,
"R3,R43,R64,R77,R85,R94,R95,R98,R100,R101,R103,R108,R126-R129",100k,80,Yageo,RC0603FR-07100KL,LCSC,C14675,0.0036,0.29,3710049,0.1,C14675,8126500,0.0036,
"R4,R14-R17,R86-R90,R114-R117",1M,70,Yageo,RC0603FR-071ML,LCSC,C105578,0.0055,0.38,1422737,0.014,C105578,327100,0.0055,
R6-R9,4.7k ELECTRET BIAS,20,Yageo,RC0603FR-074K7L,LCSC,C99782,0.0043,0.09,1442517,0.014,C99782,6862500,0.0043,
"R10-R13,R110-R113",100R RF,40,Yageo,RC0603FR-07100RL,Mouser,603-RC0603FR-07100RL,0.1,4.0,4700289,0.1,,0,,
"R18,R20,R22,R24",68k 0.1%,20,Yageo,RT0603BRD0768KL,LCSC,C705793,0.0351,0.7,3072,0.06,C705793,104620,0.0351,
"R19,R21,R23,R25",33k 0.1%,20,Yageo,RT0603BRD0733KL,LCSC,C705768,0.0374,0.75,0,0.063,C705768,133340,0.0374,
"R26-R29,R118-R121",10k 0.1%,40,Yageo,RT0603BRD0710KL,LCSC,C95204,0.0331,1.32,211334,0.06,C95204,226200,0.0331,
"R30-R33,R122-R125",90.9k 0.1%,40,Yageo,RT0603BRD0790K9L,LCSC,C728600,0.0434,1.74,18484,0.06,C728600,23080,0.0434,
"R34-R37,R42,R61,R84,R99,R102,R107",100R,50,Yageo,RC0603FR-07100RL,Mouser,603-RC0603FR-07100RL,0.1,5.0,4700289,0.1,,0,,
"R44,R45",4.7k,10,Yageo,RC0603FR-074K7L,LCSC,C99782,0.0043,0.04,1442517,0.014,C99782,6862500,0.0043,
"R46-R49,R57-R59,R69",33R,40,Yageo,RC0603FR-0733RL,Mouser,603-RC0603FR-0733RL,0.014,0.56,556259,0.014,,0,,
"R50-R53,R60,R70-R74,R79,R81,R83,R96,R97,R106",10k,80,Yageo,RC0603FR-0710KL,LCSC,C98220,0.0035,0.28,3459705,0.1,C98220,11733600,0.0035,
R54,2.2k,5,Yageo,RC0603FR-072K2L,LCSC,C114662,0.0043,0.02,565220,0.1,C114662,218400,0.0043,
R55,1k,5,Yageo,RC0603FR-071KL,LCSC,C22548,0.0039,0.02,314950,0.1,C22548,10602300,0.0039,
R56,100R TFT BACKLIGHT,5,Yageo,RC0805FR-07100RL,Mouser,603-RC0805FR-07100RL,0.1,0.5,535302,0.1,,0,,
"R62,R63",470R,10,Yageo,RC0603FR-13470RL,Mouser,603-RC0603FR-13470RL,0.014,0.14,38179,0.014,,0,,
"R65,R66",10R,10,Yageo,RC0603FR-0710RL,LCSC,C109318,0.0089,0.09,0,0.017,C109318,3647900,0.0089,
R67,100R MIC BIAS FILTER,5,Yageo,RC0603FR-07100RL,Mouser,603-RC0603FR-07100RL,0.1,0.5,4700289,0.1,,0,,
"R75,R76",5.1k,10,Yageo,RC0603FR-075K1L,LCSC,C105580,0.0049,0.05,0,0.014,C105580,650900,0.0049,
R78,47k,5,Yageo,RC0603FR-0747KL,Mouser,603-RC0603FR-0747KL,0.1,0.5,1800998,0.1,C105579,0,0.0061,
R80,75k,5,Yageo,RC0603FR-0775KL,LCSC,C114636,0.0061,0.03,18135,0.11,C114636,179900,0.0061,
R82,80.6k,5,Yageo,RC0603FR-0780K6L,Mouser,603-RC0603FR-0780K6L,0.11,0.55,5127,0.11,C482928,0,0.0028,
R91,1.1k ILIM,5,Yageo,RC0603FR-071K1L,LCSC,C137780,0.0055,0.03,27769,0.1,C137780,4400,0.0055,
R92,1.2k ISET,5,Yageo,RC0603FR-071K2L,LCSC,C114605,0.0066,0.03,213146,0.1,C114605,310400,0.0066,
R93,10k TS,5,Yageo,RC0603FR-0710KL,LCSC,C98220,0.0035,0.02,3459705,0.1,C98220,11733600,0.0035,
R104,100k BLEED,5,Yageo,RC0603FR-07100KL,LCSC,C14675,0.0036,0.02,3710049,0.1,C14675,8126500,0.0036,
R131,20k,5,Yageo,RC0603FR-0720KL,LCSC,C105575,0.0056,0.03,297,0.1,C105575,3894900,0.0056,
SW2,RECORD START/STOP,5,Same Sky,TS02-66-150-BK-160-LCR-D,Mouser,179-TS0266150BK160LC,0.13,0.65,3418,0.13,,0,,
SW3,MASTER GAIN,5,Alps Alpine,EC11E15244G1,Mouser,688-EC11E15244G1,4.23,21.15,785,4.23,,0,,
SW4,TFT MENU NAV,5,Alps Alpine,RKJXT1F42001,Mouser,688-RKJXT1F42001,9.05,45.25,1258,9.05,,0,,
U1,TPS62160DGK,5,Texas Instruments,TPS62160DGKR,LCSC,C60726,1.3794,6.9,163,1.8,C60726,1238,1.3794,
"U2,U14",TPS7A2033PDBV,10,Texas Instruments,TPS7A2033PDBVR,LCSC,C2862740,0.2217,2.22,0,0.254,C2862740,59795,0.2217,
U3,TLE2426ID,5,Texas Instruments,TLE2426IDR,Mouser,595-TLE2426IDR,2.87,14.35,1886,2.87,,0,,
"U4,U5,U15",CD4053BPW,15,Texas Instruments,CD4053BPWR,LCSC,C106760,0.3464,5.2,3184,0.472,C106760,775,0.3464,
"U6,U16",OPA1654,10,Texas Instruments,OPA1654AIPWR,LCSC,C544430,2.6201,26.2,1335,2.75,C544430,1151,2.6201,
U7,PCM1864DBT,5,Texas Instruments,PCM1864DBTR,LCSC,C544855,4.5395,22.7,1856,6.32,C544855,100,4.5395,LCSC has only 100 (25 needed); Mouser 1856 at $6.32 is the fallback
U8,Teensy 4.1,5,PJRC,TEENSY41,PJRC / Mouser,SparkFun DEV-20360,33.6,168.0,0,,,0,,Teensy 4.1 with headers (PJRC direct is cheaper without headers); customer-supplied if PCBWay cannot get it
U9,PCM5102A,5,Texas Instruments,PCM5102APWR,LCSC,C107671,1.416,7.08,69,3.81,C107671,7991,1.416,
U10,TPA6130A2RTJ,5,Texas Instruments,TPA6130A2RTJR,LCSC,C130046,1.0128,5.06,265,1.24,C130046,2870,1.0128,
U11,TPS61175PWP,5,Texas Instruments,TPS61175PWPR,LCSC,C43276,1.929,9.64,53,4.49,C43276,7886,1.929,
U12,ADP7142AUJZ,5,Analog Devices,ADP7142AUJZ-R7,LCSC,C514356,3.199,15.99,11473,4.17,C514356,4725,3.199,"replaces TPS7A4701RGWR; Mouser flags 'Restricted Availability' (export paperwork), stock is real"
U13,BQ24074RGT,5,Texas Instruments,BQ24074RGTR,LCSC,C54313,2.1424,10.71,1342,2.43,C54313,417,2.1424,
