Ref,Val,Package,PosX,PosY,Rot,Side
"C21","22pF C0G","C_0603_1608Metric",71.500000,-22.500000,90.000000,bottom
"C22","22pF C0G","C_0603_1608Metric",71.500000,-28.500000,90.000000,bottom
"C23","22pF C0G","C_0603_1608Metric",71.500000,-34.500000,90.000000,bottom
"C24","22pF C0G","C_0603_1608Metric",71.500000,-40.500000,90.000000,bottom
"C25","4.7uF 16V","C_1206_3216Metric",75.000000,-24.000000,90.000000,bottom
"C34","100nF","C_0603_1608Metric",54.000000,-21.500000,0.000000,bottom
"C35","100nF","C_0603_1608Metric",54.000000,-42.000000,0.000000,bottom
"C36","100nF","C_0603_1608Metric",61.000000,-24.500000,0.000000,bottom
"C37","10uF 16V","C_1206_3216Metric",65.000000,-24.500000,0.000000,bottom
"C38","1uF","C_0805_2012Metric",80.000000,-18.000000,0.000000,bottom
"C39","1uF","C_0805_2012Metric",80.000000,-22.000000,0.000000,bottom
"C40","100nF","C_0603_1608Metric",80.000000,-26.000000,0.000000,bottom
"C41","100nF","C_0603_1608Metric",96.000000,-20.000000,0.000000,bottom
"C42","10uF","C_1206_3216Metric",96.000000,-24.000000,0.000000,bottom
"C43","100nF","C_0603_1608Metric",96.000000,-32.000000,0.000000,bottom
"C44","100nF","C_0603_1608Metric",96.000000,-36.000000,0.000000,bottom
"C45","10uF","C_1206_3216Metric",96.000000,-40.000000,0.000000,bottom
"C47","100nF","C_0603_1608Metric",31.000000,-18.000000,0.000000,bottom
"C48","10nF","C_0603_1608Metric",45.000000,-30.000000,0.000000,bottom
"C49","10nF","C_0603_1608Metric",48.000000,-30.000000,0.000000,bottom
"C50","100nF","C_0603_1608Metric",51.000000,-30.000000,0.000000,bottom
"C62","10uF","C_1206_3216Metric",100.000000,-34.000000,0.000000,bottom
"C63","100nF","C_0603_1608Metric",100.000000,-40.000000,0.000000,bottom
"J4","1/4in BINAURAL LINE OUT","Jack_6.35mm_Neutrik_NRJ6HF_Horizontal",83.500000,-56.500000,0.000000,bottom
"R26","10k 0.1%","R_0603_1608Metric",58.500000,-22.500000,90.000000,bottom
"R27","10k 0.1%","R_0603_1608Metric",58.500000,-28.500000,90.000000,bottom
"R28","10k 0.1%","R_0603_1608Metric",58.500000,-34.500000,90.000000,bottom
"R29","10k 0.1%","R_0603_1608Metric",58.500000,-40.500000,90.000000,bottom
"R30","90.9k 0.1%","R_0603_1608Metric",68.500000,-22.500000,90.000000,bottom
"R31","90.9k 0.1%","R_0603_1608Metric",68.500000,-28.500000,90.000000,bottom
"R32","90.9k 0.1%","R_0603_1608Metric",68.500000,-34.500000,90.000000,bottom
"R33","90.9k 0.1%","R_0603_1608Metric",68.500000,-40.500000,90.000000,bottom
"R38","100k","R_0603_1608Metric",82.000000,-30.000000,90.000000,bottom
"R39","100k","R_0603_1608Metric",85.000000,-28.500000,90.000000,bottom
"R40","100k","R_0603_1608Metric",85.000000,-34.500000,90.000000,bottom
"R41","100k","R_0603_1608Metric",85.000000,-40.500000,90.000000,bottom
"R44","4.7k","R_0603_1608Metric",80.500000,-14.000000,0.000000,bottom
"R45","4.7k","R_0603_1608Metric",83.500000,-14.000000,0.000000,bottom
"R46","33R","R_0603_1608Metric",86.500000,-14.000000,0.000000,bottom
"R47","33R","R_0603_1608Metric",89.500000,-14.000000,0.000000,bottom
"R48","33R","R_0603_1608Metric",92.500000,-14.000000,0.000000,bottom
"R49","33R","R_0603_1608Metric",95.500000,-14.000000,0.000000,bottom
"R50","10k","R_0603_1608Metric",28.000000,-18.000000,0.000000,bottom
"R51","10k","R_0603_1608Metric",45.000000,-26.000000,0.000000,bottom
"R52","10k","R_0603_1608Metric",48.000000,-26.000000,0.000000,bottom
"R53","10k","R_0603_1608Metric",51.000000,-26.000000,0.000000,bottom
"R57","33R","R_0603_1608Metric",57.000000,-60.000000,0.000000,bottom
"R58","33R","R_0603_1608Metric",60.000000,-60.000000,0.000000,bottom
"R59","33R","R_0603_1608Metric",63.000000,-60.000000,0.000000,bottom
"R60","10k","R_0603_1608Metric",66.000000,-60.000000,0.000000,bottom
"R61","100R","R_0603_1608Metric",69.000000,-60.000000,0.000000,bottom
"R62","100R","R_0603_1608Metric",72.000000,-60.000000,0.000000,bottom
"U8","Teensy 4.1","Teensy41_Socket",24.000000,-63.000000,-90.000000,bottom
"C1","100uF 16V","CP_Elec_6.3x5.8",34.000000,-76.000000,0.000000,top
"C2","100nF 25V","C_0805_2012Metric",20.500000,-73.500000,0.000000,top
"C3","10uF 25V","C_1206_3216Metric",26.000000,-72.500000,0.000000,top
"C4","22pF C0G","C_0603_1608Metric",13.000000,-73.000000,0.000000,top
"C5","22uF 10V","C_1206_3216Metric",20.000000,-68.500000,0.000000,top
"C6","22uF 10V","C_1206_3216Metric",25.000000,-68.500000,0.000000,top
"C7","1uF 10V","C_0805_2012Metric",66.500000,-55.000000,0.000000,top
"C8","4.7uF 10V","C_0805_2012Metric",72.500000,-55.000000,0.000000,top
"C9","1uF 10V","C_0805_2012Metric",32.500000,-56.000000,0.000000,top
"C10","47uF 10V","C_1206_3216Metric",37.000000,-56.000000,0.000000,top
"C11","100nF","C_0603_1608Metric",41.500000,-56.000000,0.000000,top
"C12","1nF 1kV C0G","C_0805_2012Metric",27.000000,-52.000000,90.000000,top
"C13","100pF C0G","C_0603_1608Metric",33.000000,-22.500000,90.000000,top
"C14","100pF C0G","C_0603_1608Metric",33.000000,-28.500000,90.000000,top
"C15","100pF C0G","C_0603_1608Metric",33.000000,-34.500000,90.000000,top
"C16","100pF C0G","C_0603_1608Metric",33.000000,-40.500000,90.000000,top
"C17","4.7uF 16V","C_1206_3216Metric",37.000000,-22.500000,90.000000,top
"C18","4.7uF 16V","C_1206_3216Metric",37.000000,-28.500000,90.000000,top
"C19","4.7uF 16V","C_1206_3216Metric",37.000000,-34.500000,90.000000,top
"C20","4.7uF 16V","C_1206_3216Metric",37.000000,-40.500000,90.000000,top
"C26","4.7uF 16V","C_1206_3216Metric",75.000000,-28.500000,90.000000,top
"C27","4.7uF 16V","C_1206_3216Metric",75.000000,-34.500000,90.000000,top
"C28","4.7uF 16V","C_1206_3216Metric",75.000000,-40.500000,90.000000,top
"C29","10nF C0G","C_0603_1608Metric",82.000000,-22.500000,90.000000,top
"C30","10nF C0G","C_0603_1608Metric",82.000000,-28.500000,90.000000,top
"C31","10nF C0G","C_0603_1608Metric",82.000000,-34.500000,90.000000,top
"C32","10nF C0G","C_0603_1608Metric",82.000000,-40.500000,90.000000,top
"C33","100nF","C_0603_1608Metric",23.000000,-17.000000,0.000000,top
"C46","10uF","C_1206_3216Metric",39.000000,-68.000000,0.000000,top
"C51","2.2uF","C_0805_2012Metric",47.000000,-49.000000,0.000000,top
"C52","2.2uF","C_0805_2012Metric",50.500000,-48.000000,0.000000,top
"C53","1uF","C_0805_2012Metric",54.000000,-48.000000,0.000000,top
"C54","100nF","C_0603_1608Metric",57.500000,-48.000000,0.000000,top
"C55","10uF","C_1206_3216Metric",61.500000,-48.000000,0.000000,top
"C56","100nF","C_0603_1608Metric",47.000000,-59.500000,0.000000,top
"C57","680nF X7R","C_0805_2012Metric",83.500000,-69.000000,0.000000,top
"C58","680nF X7R","C_0805_2012Metric",87.000000,-69.000000,0.000000,top
"C59","1uF","C_0805_2012Metric",83.500000,-73.000000,90.000000,top
"C60","2.2uF","C_0805_2012Metric",83.500000,-77.000000,90.000000,top
"C61","2.2uF","C_0805_2012Metric",92.000000,-73.000000,90.000000,top
"C64","100nF","C_0603_1608Metric",51.000000,-59.500000,0.000000,top
"C65","2.2uF","C_0805_2012Metric",92.000000,-77.000000,90.000000,top
"D1","SS14","D_SMA",14.000000,-78.000000,0.000000,top
"D2","SMBJ12A","D_SMB",21.500000,-78.000000,0.000000,top
"D3","SS14","D_SMA",32.000000,-68.000000,0.000000,top
"D4","POWER BLUE","LED_0603_1608Metric",66.000000,-8.000000,0.000000,top
"D5","RECORD RED","LED_0603_1608Metric",73.000000,-8.000000,0.000000,top
"D6","PESD12VL1BA","D_SOD-323",23.500000,-22.500000,90.000000,top
"D7","PESD12VL1BA","D_SOD-323",23.500000,-28.500000,90.000000,top
"D8","PESD12VL1BA","D_SOD-323",23.500000,-34.500000,90.000000,top
"D9","PESD12VL1BA","D_SOD-323",23.500000,-40.500000,90.000000,top
"F1","750mA PTC","Fuse_1206_3216Metric",7.000000,-78.000000,0.000000,top
"J1","9V DC IN","BarrelJack_CUI_PJ-102AH_Horizontal",108.000000,-77.000000,-90.000000,top
"J2","AMBISONIC MIC DE-9","DSUB-9_Socket_Horizontal_P2.77x2.84mm_EdgePinOffset9.40mm",1.800000,-37.400000,90.000000,top
"J3","TFT TOUCH 14PIN HEADER","PinHeader_1x14_P2.54mm_Vertical",75.000000,-19.000000,-90.000000,top
"J5","1/8in BINAURAL HEADPHONE OUT","Jack_3.5mm_CUI_SJ1-3533NG_Horizontal",104.200000,-66.500000,-90.000000,top
"L1","2.2uH 1.5A","L_Abracon_ASPIAIG-F4020",14.500000,-68.500000,0.000000,top
"R1","680k","R_0603_1608Metric",7.000000,-73.000000,0.000000,top
"R2","130k","R_0603_1608Metric",10.000000,-73.000000,0.000000,top
"R3","100k","R_0603_1608Metric",16.500000,-73.000000,0.000000,top
"R4","1M","R_0603_1608Metric",24.000000,-52.000000,90.000000,top
"R6","4.7k ELECTRET BIAS","R_0603_1608Metric",27.000000,-22.500000,90.000000,top
"R7","4.7k ELECTRET BIAS","R_0603_1608Metric",27.000000,-28.500000,90.000000,top
"R8","4.7k ELECTRET BIAS","R_0603_1608Metric",27.000000,-34.500000,90.000000,top
"R9","4.7k ELECTRET BIAS","R_0603_1608Metric",27.000000,-40.500000,90.000000,top
"R10","100R RF","R_0603_1608Metric",30.000000,-22.500000,90.000000,top
"R11","100R RF","R_0603_1608Metric",30.000000,-28.500000,90.000000,top
"R12","100R RF","R_0603_1608Metric",30.000000,-34.500000,90.000000,top
"R13","100R RF","R_0603_1608Metric",30.000000,-40.500000,90.000000,top
"R14","1M","R_0603_1608Metric",41.000000,-22.500000,90.000000,top
"R15","1M","R_0603_1608Metric",41.000000,-28.500000,90.000000,top
"R16","1M","R_0603_1608Metric",41.000000,-34.500000,90.000000,top
"R17","1M","R_0603_1608Metric",41.000000,-40.500000,90.000000,top
"R18","68k 0.1%","R_0603_1608Metric",45.000000,-22.500000,90.000000,top
"R19","33k 0.1%","R_0603_1608Metric",49.000000,-22.500000,90.000000,top
"R20","68k 0.1%","R_0603_1608Metric",45.000000,-28.500000,90.000000,top
"R21","33k 0.1%","R_0603_1608Metric",49.000000,-28.500000,90.000000,top
"R22","68k 0.1%","R_0603_1608Metric",45.000000,-34.500000,90.000000,top
"R23","33k 0.1%","R_0603_1608Metric",49.000000,-34.500000,90.000000,top
"R24","68k 0.1%","R_0603_1608Metric",45.000000,-40.500000,90.000000,top
"R25","33k 0.1%","R_0603_1608Metric",49.000000,-40.500000,90.000000,top
"R34","100R","R_0603_1608Metric",79.000000,-22.500000,90.000000,top
"R35","100R","R_0603_1608Metric",79.000000,-28.500000,90.000000,top
"R36","100R","R_0603_1608Metric",79.000000,-34.500000,90.000000,top
"R37","100R","R_0603_1608Metric",79.000000,-40.500000,90.000000,top
"R42","100k","R_0603_1608Metric",17.000000,-17.000000,0.000000,top
"R43","47k","R_0603_1608Metric",20.000000,-17.000000,0.000000,top
"R54","2.2k","R_0603_1608Metric",69.000000,-8.000000,0.000000,top
"R55","1k","R_0603_1608Metric",76.000000,-8.000000,0.000000,top
"R56","100R TFT BACKLIGHT","R_0805_2012Metric",79.000000,-16.000000,0.000000,top
"R63","100R","R_0603_1608Metric",75.000000,-58.500000,0.000000,top
"R64","100k","R_0603_1608Metric",80.000000,-68.000000,0.000000,top
"R65","10R","R_0603_1608Metric",87.500000,-80.000000,0.000000,top
"R66","10R","R_0603_1608Metric",91.000000,-80.000000,0.000000,top
"RV1","10kA HEADPHONE VOLUME","RK097_Dual_Horizontal_NoEdgeGuide",102.000000,-5.000000,90.000000,top
"SW1","PAD -10dB","SW_Slide_SPDT_Straight_CK_OS102011MS2Q",12.000000,-8.000000,0.000000,top
"SW2","RECORD START/STOP","SW_PUSH-12mm",27.000000,-7.000000,0.000000,top
"SW3","MASTER GAIN","RotaryEncoder_Alps_EC11E-Switch_Vertical_H20mm",46.000000,-7.000000,0.000000,top
"U1","TPS62160DGK","VSSOP-8_3x3mm_P0.65mm",8.000000,-68.500000,0.000000,top
"U2","TPS7A2033PDBV","SOT-23-5",70.000000,-52.000000,0.000000,top
"U3","TLE2426ID","SOIC-8_3.9x4.9mm_P1.27mm",35.000000,-51.000000,0.000000,top
"U4","CD4053BPW","TSSOP-16_4.4x5mm_P0.65mm",54.000000,-25.500000,0.000000,top
"U5","CD4053BPW","TSSOP-16_4.4x5mm_P0.65mm",54.000000,-37.500000,0.000000,top
"U6","OPA1654","TSSOP-14_4.4x5mm_P0.65mm",63.000000,-31.500000,0.000000,top
"U7","PCM1864DBT","TSSOP-30_4.4x7.8mm_P0.5mm",90.000000,-31.500000,0.000000,top
"U9","PCM5102A","TSSOP-20_4.4x6.5mm_P0.65mm",53.000000,-55.000000,0.000000,top
"U10","TPA6132A2","WQFN-16-1EP_3x3mm_P0.5mm_EP1.6x1.6mm",88.000000,-75.000000,0.000000,top
