Designator,Mid X,Mid Y,Layer,Rotation
C7,92.5000mm,-55.0000mm,Bottom,0.00
C8,92.5000mm,-59.0000mm,Bottom,0.00
C21,70.0000mm,-85.5000mm,Bottom,90.00
C22,70.0000mm,-91.8000mm,Bottom,90.00
C23,70.0000mm,-98.1000mm,Bottom,90.00
C24,70.0000mm,-104.4000mm,Bottom,90.00
C34,40.0000mm,-40.0000mm,Bottom,0.00
C35,40.0000mm,-60.5000mm,Bottom,0.00
C36,47.0000mm,-42.0000mm,Bottom,0.00
C37,51.0000mm,-42.0000mm,Bottom,0.00
C39,83.0000mm,-45.9000mm,Bottom,0.00
C40,82.8000mm,-47.7000mm,Bottom,0.00
C41,82.8000mm,-49.3000mm,Bottom,0.00
C42,87.1000mm,-47.4000mm,Bottom,0.00
C43,82.8000mm,-50.9000mm,Bottom,0.00
C44,82.8000mm,-52.5000mm,Bottom,0.00
C45,87.1000mm,-52.3000mm,Bottom,0.00
C46,48.0000mm,-56.0000mm,Bottom,0.00
C47,106.0000mm,-16.0000mm,Bottom,0.00
C48,102.0000mm,-24.0000mm,Bottom,0.00
C49,106.0000mm,-24.0000mm,Bottom,0.00
C50,110.0000mm,-24.0000mm,Bottom,0.00
C53,102.3300mm,-48.6500mm,Bottom,0.00
C54,97.7000mm,-47.0800mm,Bottom,180.00
C55,99.9000mm,-55.0000mm,Bottom,0.00
C56,102.3000mm,-47.0800mm,Bottom,0.00
C62,87.1000mm,-49.8500mm,Bottom,0.00
C64,97.7000mm,-51.6200mm,Bottom,180.00
C66,34.0000mm,-74.0000mm,Bottom,0.00
C69,102.0000mm,-32.0000mm,Bottom,0.00
C70,106.0000mm,-32.0000mm,Bottom,0.00
C71,110.0000mm,-32.0000mm,Bottom,0.00
C72,114.0000mm,-32.0000mm,Bottom,0.00
C73,118.0000mm,-32.0000mm,Bottom,0.00
C79,15.0000mm,-29.0000mm,Bottom,90.00
C93,110.0000mm,-36.0000mm,Bottom,0.00
C94,114.0000mm,-36.0000mm,Bottom,0.00
C95,92.5000mm,-63.0000mm,Bottom,0.00
C96,88.0000mm,-63.0000mm,Bottom,0.00
C97,36.0000mm,-85.5000mm,Bottom,90.00
C98,36.0000mm,-91.8000mm,Bottom,90.00
C99,36.0000mm,-98.1000mm,Bottom,90.00
C100,36.0000mm,-104.4000mm,Bottom,90.00
C101,44.0000mm,-85.5000mm,Bottom,90.00
C102,44.0000mm,-91.8000mm,Bottom,90.00
C103,44.0000mm,-98.1000mm,Bottom,90.00
C104,44.0000mm,-104.4000mm,Bottom,90.00
C105,63.0000mm,-85.5000mm,Bottom,90.00
C106,63.0000mm,-91.8000mm,Bottom,90.00
C107,63.0000mm,-98.1000mm,Bottom,90.00
C108,63.0000mm,-104.4000mm,Bottom,90.00
D3,48.0000mm,-60.0000mm,Bottom,0.00
D18,98.0000mm,-16.0000mm,Bottom,0.00
D19,98.0000mm,-20.0000mm,Bottom,0.00
D20,40.0000mm,-85.5000mm,Bottom,90.00
D21,40.0000mm,-91.8000mm,Bottom,90.00
D22,40.0000mm,-98.1000mm,Bottom,90.00
D23,40.0000mm,-104.4000mm,Bottom,90.00
J10,121.0000mm,-109.5000mm,Bottom,0.00
R26,60.0000mm,-85.5000mm,Bottom,90.00
R27,60.0000mm,-91.8000mm,Bottom,90.00
R28,60.0000mm,-98.1000mm,Bottom,90.00
R29,60.0000mm,-104.4000mm,Bottom,90.00
R30,66.0000mm,-85.5000mm,Bottom,90.00
R31,66.0000mm,-91.8000mm,Bottom,90.00
R32,66.0000mm,-98.1000mm,Bottom,90.00
R33,66.0000mm,-104.4000mm,Bottom,90.00
R44,96.0000mm,-40.0000mm,Bottom,0.00
R45,100.0000mm,-40.0000mm,Bottom,0.00
R46,104.0000mm,-40.0000mm,Bottom,0.00
R47,108.0000mm,-40.0000mm,Bottom,0.00
R48,112.0000mm,-40.0000mm,Bottom,0.00
R49,116.0000mm,-40.0000mm,Bottom,0.00
R50,102.0000mm,-16.0000mm,Bottom,0.00
R51,102.0000mm,-20.0000mm,Bottom,0.00
R52,106.0000mm,-20.0000mm,Bottom,0.00
R53,110.0000mm,-20.0000mm,Bottom,0.00
R57,86.5000mm,-44.5000mm,Bottom,0.00
R58,90.5000mm,-44.5000mm,Bottom,0.00
R59,94.5000mm,-44.5000mm,Bottom,0.00
R60,98.5000mm,-44.5000mm,Bottom,0.00
R61,102.5000mm,-44.5000mm,Bottom,0.00
R69,120.0000mm,-40.0000mm,Bottom,0.00
R70,102.0000mm,-28.0000mm,Bottom,0.00
R71,106.0000mm,-28.0000mm,Bottom,0.00
R72,110.0000mm,-28.0000mm,Bottom,0.00
R73,114.0000mm,-28.0000mm,Bottom,0.00
R74,118.0000mm,-28.0000mm,Bottom,0.00
R96,102.0000mm,-36.0000mm,Bottom,0.00
R97,106.0000mm,-36.0000mm,Bottom,0.00
R110,32.0000mm,-85.5000mm,Bottom,90.00
R111,32.0000mm,-91.8000mm,Bottom,90.00
R112,32.0000mm,-98.1000mm,Bottom,90.00
R113,32.0000mm,-104.4000mm,Bottom,90.00
R114,48.0000mm,-85.5000mm,Bottom,90.00
R115,48.0000mm,-91.8000mm,Bottom,90.00
R116,48.0000mm,-98.1000mm,Bottom,90.00
R117,48.0000mm,-104.4000mm,Bottom,90.00
R118,52.0000mm,-85.5000mm,Bottom,90.00
R119,52.0000mm,-91.8000mm,Bottom,90.00
R120,52.0000mm,-98.1000mm,Bottom,90.00
R121,52.0000mm,-104.4000mm,Bottom,90.00
R122,56.0000mm,-85.5000mm,Bottom,90.00
R123,56.0000mm,-91.8000mm,Bottom,90.00
R124,56.0000mm,-98.1000mm,Bottom,90.00
R125,56.0000mm,-104.4000mm,Bottom,90.00
R126,50.0000mm,-85.5000mm,Bottom,90.00
R127,50.0000mm,-91.8000mm,Bottom,90.00
R128,50.0000mm,-98.1000mm,Bottom,90.00
R129,50.0000mm,-104.4000mm,Bottom,90.00
U2,88.0000mm,-55.6000mm,Bottom,0.00
U8,60.0000mm,-62.5000mm,Bottom,0.00
U14,88.0000mm,-59.5000mm,Bottom,0.00
C1,17.0000mm,-24.5000mm,Top,0.00
C2,108.0000mm,-92.5000mm,Top,0.00
C3,114.0000mm,-92.5000mm,Top,0.00
C4,113.0000mm,-84.0000mm,Top,0.00
C5,117.0000mm,-88.0000mm,Top,0.00
C6,123.0000mm,-88.0000mm,Top,0.00
C9,42.0000mm,-31.0000mm,Top,0.00
C10,47.0000mm,-31.0000mm,Top,0.00
C11,51.5000mm,-31.0000mm,Top,0.00
C12,10.5000mm,-64.0000mm,Top,0.00
C13,38.0000mm,-85.5000mm,Top,90.00
C14,38.0000mm,-91.8000mm,Top,90.00
C15,38.0000mm,-98.1000mm,Top,90.00
C16,38.0000mm,-104.4000mm,Top,90.00
C17,42.0000mm,-85.5000mm,Top,90.00
C18,42.0000mm,-91.8000mm,Top,90.00
C19,42.0000mm,-98.1000mm,Top,90.00
C20,42.0000mm,-104.4000mm,Top,90.00
C25,74.0000mm,-85.5000mm,Top,90.00
C26,74.0000mm,-91.8000mm,Top,90.00
C27,74.0000mm,-98.1000mm,Top,90.00
C28,74.0000mm,-104.4000mm,Top,90.00
C29,82.0000mm,-85.5000mm,Top,90.00
C30,82.0000mm,-91.8000mm,Top,90.00
C31,82.0000mm,-98.1000mm,Top,90.00
C32,82.0000mm,-104.4000mm,Top,90.00
C33,10.5000mm,-61.0000mm,Top,0.00
C51,94.7000mm,-48.4000mm,Top,-90.00
C52,94.7000mm,-51.9000mm,Top,-90.00
C57,106.4000mm,-54.6000mm,Top,0.00
C58,106.4000mm,-60.2000mm,Top,0.00
C59,112.7500mm,-52.2000mm,Top,0.00
C60,116.2500mm,-54.6000mm,Top,0.00
C61,110.3000mm,-51.7500mm,Top,90.00
C65,116.2500mm,-56.2000mm,Top,0.00
C67,93.0000mm,-55.0000mm,Top,0.00
C68,96.5000mm,-55.0000mm,Top,0.00
C74,18.5000mm,-45.0000mm,Top,0.00
C75,17.0000mm,-53.5000mm,Top,0.00
C76,13.5000mm,-37.5000mm,Top,0.00
C77,18.5000mm,-37.5000mm,Top,0.00
C78,48.0000mm,-14.0000mm,Top,0.00
C80,5.0000mm,-45.0000mm,Top,0.00
C81,9.0000mm,-45.0000mm,Top,0.00
C83,5.5000mm,-50.5000mm,Top,90.00
C85,20.5000mm,-18.5000mm,Top,90.00
C86,100.4000mm,-55.7000mm,Top,180.00
C87,100.4000mm,-59.1000mm,Top,180.00
C88,17.0000mm,-50.0000mm,Top,0.00
C89,132.0000mm,-31.5000mm,Top,0.00
C90,124.0000mm,-15.0000mm,Top,90.00
C91,135.0000mm,-15.0000mm,Top,90.00
C92,136.0000mm,-24.5000mm,Top,90.00
C109,57.5000mm,-58.5000mm,Top,90.00
C110,33.5000mm,-60.5000mm,Top,0.00
D1,14.5000mm,-18.5000mm,Top,0.00
D2,8.0000mm,-23.5000mm,Top,0.00
D4,64.7300mm,-112.1000mm,Top,0.00
D5,74.7300mm,-112.1000mm,Top,0.00
D6,24.0000mm,-68.0000mm,Top,90.00
D7,24.0000mm,-72.0000mm,Top,90.00
D8,24.0000mm,-76.0000mm,Top,90.00
D9,24.0000mm,-80.0000mm,Top,90.00
D10,52.0000mm,-10.5000mm,Top,0.00
D11,40.0000mm,-12.8000mm,Top,0.00
D12,7.0000mm,-37.5000mm,Top,0.00
D13,104.0000mm,-100.5000mm,Top,0.00
D14,131.0000mm,-24.5000mm,Top,0.00
D15,123.5000mm,-28.2000mm,Top,0.00
D16,128.3000mm,-28.2000mm,Top,0.00
D17,133.1000mm,-28.2000mm,Top,0.00
D24,34.0000mm,-82.5000mm,Top,0.00
F1,7.0000mm,-18.5000mm,Top,0.00
F2,52.0000mm,-6.0000mm,Top,0.00
J1,17.5000mm,-8.2000mm,Top,180.00
J2,4.0000mm,-74.0000mm,Top,-90.00
J3,25.0000mm,-19.2400mm,Top,0.00
J4,26.0000mm,-98.0000mm,Top,-90.00
J5,135.9000mm,-41.0000mm,Top,-90.00
J9,40.0000mm,-2.6000mm,Top,180.00
K1,113.0000mm,-103.5000mm,Top,0.00
L1,111.5000mm,-88.0000mm,Top,0.00
L2,18.0000mm,-31.5000mm,Top,0.00
Q1,6.0000mm,-58.0000mm,Top,0.00
Q2,104.0000mm,-104.0000mm,Top,0.00
Q3,30.0000mm,-67.0000mm,Top,0.00
Q4,30.0000mm,-71.0000mm,Top,0.00
Q5,34.0000mm,-64.5000mm,Top,0.00
Q6,34.0000mm,-75.5000mm,Top,0.00
Q7,34.0000mm,-79.5000mm,Top,0.00
Q8,38.0000mm,-75.5000mm,Top,180.00
Q9,38.0000mm,-79.5000mm,Top,180.00
R1,105.0000mm,-84.0000mm,Top,0.00
R2,109.0000mm,-84.0000mm,Top,0.00
R3,117.0000mm,-84.0000mm,Top,0.00
R4,6.0000mm,-64.0000mm,Top,0.00
R6,30.0000mm,-85.5000mm,Top,90.00
R7,30.0000mm,-91.8000mm,Top,90.00
R8,30.0000mm,-98.1000mm,Top,90.00
R9,30.0000mm,-104.4000mm,Top,90.00
R10,34.0000mm,-85.5000mm,Top,90.00
R11,34.0000mm,-91.8000mm,Top,90.00
R12,34.0000mm,-98.1000mm,Top,90.00
R13,34.0000mm,-104.4000mm,Top,90.00
R14,46.0000mm,-85.5000mm,Top,90.00
R15,46.0000mm,-91.8000mm,Top,90.00
R16,46.0000mm,-98.1000mm,Top,90.00
R17,46.0000mm,-104.4000mm,Top,90.00
R18,50.0000mm,-85.5000mm,Top,90.00
R19,54.0000mm,-85.5000mm,Top,90.00
R20,50.0000mm,-91.8000mm,Top,90.00
R21,54.0000mm,-91.8000mm,Top,90.00
R22,50.0000mm,-98.1000mm,Top,90.00
R23,54.0000mm,-98.1000mm,Top,90.00
R24,50.0000mm,-104.4000mm,Top,90.00
R25,54.0000mm,-104.4000mm,Top,90.00
R34,78.0000mm,-85.5000mm,Top,90.00
R35,78.0000mm,-91.8000mm,Top,90.00
R36,78.0000mm,-98.1000mm,Top,90.00
R37,78.0000mm,-104.4000mm,Top,90.00
R42,10.5000mm,-57.5000mm,Top,0.00
R43,14.5000mm,-57.5000mm,Top,0.00
R54,70.0000mm,-108.0000mm,Top,0.00
R55,78.0000mm,-108.0000mm,Top,0.00
R56,88.0000mm,-57.0000mm,Top,0.00
R62,93.0000mm,-58.0000mm,Top,0.00
R63,96.5000mm,-58.0000mm,Top,0.00
R64,108.0000mm,-48.0000mm,Top,0.00
R65,125.0000mm,-64.0000mm,Top,0.00
R66,125.0000mm,-67.5000mm,Top,0.00
R67,28.0000mm,-80.0000mm,Top,0.00
R75,33.0000mm,-9.0000mm,Top,90.00
R76,47.0000mm,-9.0000mm,Top,90.00
R77,56.0000mm,-14.0000mm,Top,0.00
R78,52.0000mm,-14.0000mm,Top,0.00
R79,17.0000mm,-41.5000mm,Top,0.00
R80,5.0000mm,-41.5000mm,Top,0.00
R81,9.0000mm,-41.5000mm,Top,0.00
R82,13.0000mm,-41.5000mm,Top,0.00
R83,18.5000mm,-57.5000mm,Top,0.00
R84,100.0000mm,-104.0000mm,Top,0.00
R85,100.0000mm,-107.5000mm,Top,0.00
R86,30.0000mm,-74.5000mm,Top,0.00
R87,30.0000mm,-77.5000mm,Top,0.00
R88,136.5000mm,-28.5000mm,Top,90.00
R89,124.0000mm,-31.5000mm,Top,0.00
R90,128.0000mm,-31.5000mm,Top,0.00
R91,123.5000mm,-20.5000mm,Top,0.00
R92,127.0000mm,-20.5000mm,Top,0.00
R93,130.5000mm,-20.5000mm,Top,0.00
R94,134.0000mm,-20.5000mm,Top,0.00
R95,124.0000mm,-24.5000mm,Top,0.00
R98,41.0000mm,-74.0000mm,Top,90.00
R99,41.0000mm,-80.2000mm,Top,90.00
R100,26.5000mm,-70.9000mm,Top,90.00
R101,41.0000mm,-77.1000mm,Top,90.00
R102,38.0000mm,-82.5000mm,Top,0.00
R103,26.5000mm,-74.0000mm,Top,90.00
R104,26.5000mm,-77.1000mm,Top,90.00
R106,34.5000mm,-68.5000mm,Top,0.00
R107,38.0000mm,-68.5000mm,Top,0.00
R108,34.5000mm,-71.5000mm,Top,0.00
R130,13.3000mm,-48.6000mm,Top,90.00
R131,13.3000mm,-52.4000mm,Top,90.00
SW2,43.7500mm,-71.2500mm,Top,0.00
SW3,61.5000mm,-71.0000mm,Top,0.00
SW4,91.0000mm,-73.5000mm,Top,0.00
U1,105.0000mm,-88.0000mm,Top,0.00
U3,46.0000mm,-26.0000mm,Top,0.00
U4,40.0000mm,-44.0000mm,Top,0.00
U5,40.0000mm,-56.0000mm,Top,0.00
U6,52.0000mm,-50.0000mm,Top,0.00
U7,83.5000mm,-49.5000mm,Top,0.00
U9,100.0000mm,-50.0000mm,Top,0.00
U10,112.0000mm,-56.0000mm,Top,0.00
U11,9.5000mm,-31.5000mm,Top,180.00
U12,9.5000mm,-50.5000mm,Top,0.00
U13,129.5000mm,-16.5000mm,Top,0.00
U15,40.5000mm,-63.0000mm,Top,0.00
U16,52.0000mm,-61.5000mm,Top,0.00
