"Designator","Comment","Footprint","Manufacturer","Manufacturer Part Number","Datasheet","Quantity","DNP"
"C1","100uF 16V","Capacitor_SMD:CP_Elec_6.3x5.8","Panasonic","EEE-FK series low-ESR aluminium electrolytic","","1",""
"C2","100nF 25V","Capacitor_SMD:C_0805_2012Metric","Murata","GRM series X7R/C0G","","1",""
"C3","10uF 25V","Capacitor_SMD:C_1206_3216Metric","Murata","GRM series X7R/C0G","","1",""
"C4,C21-C24","22pF C0G","Capacitor_SMD:C_0603_1608Metric","Murata","GRM series X7R/C0G","","5",""
"C5,C6","22uF 10V","Capacitor_SMD:C_1206_3216Metric","Murata","GRM series X7R/C0G","","2",""
"C7,C9","1uF 10V","Capacitor_SMD:C_0805_2012Metric","Murata","GRM series X7R/C0G","","2",""
"C8","4.7uF 10V","Capacitor_SMD:C_0805_2012Metric","Murata","GRM series X7R/C0G","","1",""
"C10","47uF 10V","Capacitor_SMD:C_1206_3216Metric","Murata","GRM series X7R/C0G","","1",""
"C11,C33-C36,C40,C41,C43,C44,C47,C50,C54,C56,C63,C64","100nF","Capacitor_SMD:C_0603_1608Metric","Murata","GRM series X7R/C0G","","15",""
"C12","1nF 1kV C0G","Capacitor_SMD:C_0805_2012Metric","Murata","GRM series X7R/C0G","","1",""
"C13-C16","100pF C0G","Capacitor_SMD:C_0603_1608Metric","Murata","GRM series X7R/C0G","","4",""
"C17-C20,C25-C28","4.7uF 16V","Capacitor_SMD:C_1206_3216Metric","Murata","GRM series X7R/C0G","","8",""
"C29-C32","10nF C0G","Capacitor_SMD:C_0603_1608Metric","Murata","GRM series X7R/C0G","","4",""
"C37","10uF 16V","Capacitor_SMD:C_1206_3216Metric","Murata","GRM series X7R/C0G","","1",""
"C38,C39,C53,C59","1uF","Capacitor_SMD:C_0805_2012Metric","Murata","GRM series X7R/C0G","","4",""
"C42,C45,C46,C55,C62","10uF","Capacitor_SMD:C_1206_3216Metric","Murata","GRM series X7R/C0G","","5",""
"C48,C49","10nF","Capacitor_SMD:C_0603_1608Metric","Murata","GRM series X7R/C0G","","2",""
"C51,C52,C60,C61,C65","2.2uF","Capacitor_SMD:C_0805_2012Metric","Murata","GRM series X7R/C0G","","5",""
"C57,C58","680nF X7R","Capacitor_SMD:C_0805_2012Metric","Murata","GRM series X7R/C0G","","2",""
"D1,D3","SS14","Diode_SMD:D_SMA","Diodes Incorporated","SS14-13-F","","2",""
"D2","SMBJ12A","Diode_SMD:D_SMB","Littelfuse","SMBJ12A","","1",""
"D4","POWER BLUE","LED_SMD:LED_0603_1608Metric","Lite-On","LTST-C190TBKT","","1",""
"D5","RECORD RED","LED_SMD:LED_0603_1608Metric","Lite-On","LTST-C190KRKT","","1",""
"D6-D9","PESD12VL1BA","Diode_SMD:D_SOD-323","Nexperia","PESD12VL1BA,115","https://assets.nexperia.com/documents/data-sheet/PESD12VL1BA.pdf","4",""
"F1","750mA PTC","Fuse:Fuse_1206_3216Metric","Littelfuse","1206L075/13.2WR","","1",""
"J1","9V DC IN","Connector_BarrelJack:BarrelJack_CUI_PJ-102AH_Horizontal","CUI Devices","PJ-102AH","","1",""
"J2","AMBISONIC MIC DE-9","Connector_Dsub:DSUB-9_Socket_Horizontal_P2.77x2.84mm_EdgePinOffset9.40mm","Amphenol ICC","LD09S13A4GV00LF","","1",""
"J3","TFT TOUCH 14PIN HEADER","Connector_PinHeader_2.54mm:PinHeader_1x14_P2.54mm_Vertical","Sullins Connector Solutions","PRPC014SAAN-RC","","1",""
"J4","1/4in BINAURAL LINE OUT","Connector_Audio:Jack_6.35mm_Neutrik_NRJ6HF_Horizontal","Neutrik","NRJ6HF","","1",""
"J5","1/8in BINAURAL HEADPHONE OUT","Connector_Audio:Jack_3.5mm_CUI_SJ1-3533NG_Horizontal","CUI Devices","SJ1-3533NG","","1",""
"L1","2.2uH 1.5A","Inductor_SMD:L_Abracon_ASPIAIG-F4020","Abracon","ASPIAIG-F4020-2R2M-T","","1",""
"R1","680k","Resistor_SMD:R_0603_1608Metric","Yageo","RC0603FR series, 1%","","1",""
"R2","130k","Resistor_SMD:R_0603_1608Metric","Yageo","RC0603FR series, 1%","","1",""
"R3,R38-R42,R64","100k","Resistor_SMD:R_0603_1608Metric","Yageo","RC0603FR series, 1%","","7",""
"R4,R14-R17","1M","Resistor_SMD:R_0603_1608Metric","Yageo","RC0603FR series, 1%","","5",""
"R5","0R CHASSIS LINK","Resistor_SMD:R_0603_1608Metric","Yageo","RC0603FR series, 1%","","1","DNP"
"R6-R9","4.7k ELECTRET BIAS","Resistor_SMD:R_0603_1608Metric","Yageo","RC0603FR series, 1%","","4",""
"R10-R13","100R RF","Resistor_SMD:R_0603_1608Metric","Yageo","RC0603FR series, 1%","","4",""
"R18,R20,R22,R24","68k 0.1%","Resistor_SMD:R_0603_1608Metric","Vishay","TNPW0603 series, 0.1%","","4",""
"R19,R21,R23,R25","33k 0.1%","Resistor_SMD:R_0603_1608Metric","Vishay","TNPW0603 series, 0.1%","","4",""
"R26-R29","10k 0.1%","Resistor_SMD:R_0603_1608Metric","Vishay","TNPW0603 series, 0.1%","","4",""
"R30-R33","90.9k 0.1%","Resistor_SMD:R_0603_1608Metric","Vishay","TNPW0603 series, 0.1%","","4",""
"R34-R37,R61-R63","100R","Resistor_SMD:R_0603_1608Metric","Yageo","RC0603FR series, 1%","","7",""
"R43","47k","Resistor_SMD:R_0603_1608Metric","Yageo","RC0603FR series, 1%","","1",""
"R44,R45","4.7k","Resistor_SMD:R_0603_1608Metric","Yageo","RC0603FR series, 1%","","2",""
"R46-R49,R57-R59","33R","Resistor_SMD:R_0603_1608Metric","Yageo","RC0603FR series, 1%","","7",""
"R50-R53,R60","10k","Resistor_SMD:R_0603_1608Metric","Yageo","RC0603FR series, 1%","","5",""
"R54","2.2k","Resistor_SMD:R_0603_1608Metric","Yageo","RC0603FR series, 1%","","1",""
"R55","1k","Resistor_SMD:R_0603_1608Metric","Yageo","RC0603FR series, 1%","","1",""
"R56","100R TFT BACKLIGHT","Resistor_SMD:R_0805_2012Metric","Yageo","RC0805FR-07100RL","","1",""
"R65,R66","10R","Resistor_SMD:R_0603_1608Metric","Yageo","RC0603FR series, 1%","","2",""
"RV1","10kA HEADPHONE VOLUME","QuadPreRecorder:RK097_Dual_Horizontal_NoEdgeGuide","Alps Alpine","RK0971221-F15-C0-A103","","1",""
"SW1","PAD -10dB","Button_Switch_THT:SW_Slide_SPDT_Straight_CK_OS102011MS2Q","C&K","OS102011MS2QN1","","1",""
"SW2","RECORD START/STOP","Button_Switch_THT:SW_PUSH-12mm","Omron","B3F-4050","","1",""
"SW3","MASTER GAIN","Rotary_Encoder:RotaryEncoder_Alps_EC11E-Switch_Vertical_H20mm","Alps Alpine","EC11E15244G1","","1",""
"U1","TPS62160DGK","Package_SO:VSSOP-8_3x3mm_P0.65mm","Texas Instruments","TPS62160DGKR","https://www.ti.com/lit/ds/symlink/tps62160.pdf","1",""
"U2","TPS7A2033PDBV","Package_TO_SOT_SMD:SOT-23-5","Texas Instruments","TPS7A2033PDBVR","https://www.ti.com/lit/ds/symlink/tps7a20.pdf","1",""
"U3","TLE2426ID","Package_SO:SOIC-8_3.9x4.9mm_P1.27mm","Texas Instruments","TLE2426IDR","https://www.ti.com/lit/ds/symlink/tle2426.pdf","1",""
"U4,U5","CD4053BPW","Package_SO:TSSOP-16_4.4x5mm_P0.65mm","Texas Instruments","CD4053BPWR","https://www.ti.com/lit/ds/symlink/cd4053b.pdf","2",""
"U6","OPA1654","Package_SO:TSSOP-14_4.4x5mm_P0.65mm","Texas Instruments","OPA1654AIPWR","https://www.ti.com/lit/ds/symlink/opa1654.pdf","1",""
"U7","PCM1864DBT","Package_SO:TSSOP-30_4.4x7.8mm_P0.5mm","Texas Instruments","PCM1864DBTR","https://www.ti.com/lit/ds/symlink/pcm1864.pdf","1",""
"U8","Teensy 4.1","QuadPreRecorder:Teensy41_Socket","PJRC","TEENSY41","https://www.pjrc.com/store/teensy41.html","1",""
"U9","PCM5102A","Package_SO:TSSOP-20_4.4x6.5mm_P0.65mm","Texas Instruments","PCM5102APWR","https://www.ti.com/lit/ds/symlink/pcm5102a.pdf","1",""
"U10","TPA6132A2","Package_DFN_QFN:WQFN-16-1EP_3x3mm_P0.5mm_EP1.6x1.6mm","Texas Instruments","TPA6132A2RTER","https://www.ti.com/lit/ds/symlink/tpa6132a2.pdf","1",""
