pos_x,pos_y,rotation,side,designator,mpn,pack,footprint,value,mount_type
17.0,-24.5,0.0,top,C1,EEE-FT1E101AP,,CP_Elec_6.3x5.8,100uF 25V,smt
47.0,-31.0,0.0,top,C10,EMK316BBJ476ML-T,,C_1206_3216Metric,47uF 10V,smt
36.0,-104.4,90.0,bottom,C100,GRM1885C1H101JA01D,,C_0603_1608Metric,100pF C0G,smt
44.0,-85.5,90.0,bottom,C101,35MU475KC44532,,C_1812_4532Metric,4.7uF 35V FILM,smt
44.0,-91.8,90.0,bottom,C102,35MU475KC44532,,C_1812_4532Metric,4.7uF 35V FILM,smt
44.0,-98.1,90.0,bottom,C103,35MU475KC44532,,C_1812_4532Metric,4.7uF 35V FILM,smt
44.0,-104.4,90.0,bottom,C104,35MU475KC44532,,C_1812_4532Metric,4.7uF 35V FILM,smt
63.0,-85.5,90.0,bottom,C105,GCM1885C2A220JA16D,,C_0603_1608Metric,22pF C0G,smt
63.0,-91.8,90.0,bottom,C106,GCM1885C2A220JA16D,,C_0603_1608Metric,22pF C0G,smt
63.0,-98.1,90.0,bottom,C107,GCM1885C2A220JA16D,,C_0603_1608Metric,22pF C0G,smt
63.0,-104.4,90.0,bottom,C108,GCM1885C2A220JA16D,,C_0603_1608Metric,22pF C0G,smt
57.5,-58.5,90.0,top,C109,CL10B104KB8NNNC,,C_0603_1608Metric,100nF,smt
51.5,-31.0,0.0,top,C11,CL10B104KB8NNNC,,C_0603_1608Metric,100nF,smt
33.5,-60.5,0.0,top,C110,CL10B104KB8NNNC,,C_0603_1608Metric,100nF,smt
10.5,-64.0,0.0,top,C12,CC0805KRX7RCBB102,,C_0805_2012Metric,1nF 1kV C0G,smt
38.0,-85.5,90.0,top,C13,GRM1885C1H101JA01D,,C_0603_1608Metric,100pF C0G,smt
38.0,-91.8,90.0,top,C14,GRM1885C1H101JA01D,,C_0603_1608Metric,100pF C0G,smt
38.0,-98.1,90.0,top,C15,GRM1885C1H101JA01D,,C_0603_1608Metric,100pF C0G,smt
38.0,-104.4,90.0,top,C16,GRM1885C1H101JA01D,,C_0603_1608Metric,100pF C0G,smt
42.0,-85.5,90.0,top,C17,35MU475KC44532,,C_1812_4532Metric,4.7uF 35V FILM,smt
42.0,-91.8,90.0,top,C18,35MU475KC44532,,C_1812_4532Metric,4.7uF 35V FILM,smt
42.0,-98.1,90.0,top,C19,35MU475KC44532,,C_1812_4532Metric,4.7uF 35V FILM,smt
108.0,-92.5,0.0,top,C2,CL21B104KCFNNNE,,C_0805_2012Metric,100nF 25V,smt
42.0,-104.4,90.0,top,C20,35MU475KC44532,,C_1812_4532Metric,4.7uF 35V FILM,smt
70.0,-85.5,90.0,bottom,C21,GCM1885C2A220JA16D,,C_0603_1608Metric,22pF C0G,smt
70.0,-91.8,90.0,bottom,C22,GCM1885C2A220JA16D,,C_0603_1608Metric,22pF C0G,smt
70.0,-98.1,90.0,bottom,C23,GCM1885C2A220JA16D,,C_0603_1608Metric,22pF C0G,smt
70.0,-104.4,90.0,bottom,C24,GCM1885C2A220JA16D,,C_0603_1608Metric,22pF C0G,smt
74.0,-85.5,90.0,top,C25,35MU475KC44532,,C_1812_4532Metric,4.7uF 35V FILM,smt
74.0,-91.8,90.0,top,C26,35MU475KC44532,,C_1812_4532Metric,4.7uF 35V FILM,smt
74.0,-98.1,90.0,top,C27,35MU475KC44532,,C_1812_4532Metric,4.7uF 35V FILM,smt
74.0,-104.4,90.0,top,C28,35MU475KC44532,,C_1812_4532Metric,4.7uF 35V FILM,smt
82.0,-85.5,90.0,top,C29,C1608C0G1H103JT000N,,C_0603_1608Metric,10nF C0G,smt
114.0,-92.5,0.0,top,C3,CL31B106KAHNNNE,,C_1206_3216Metric,10uF 25V,smt
82.0,-91.8,90.0,top,C30,C1608C0G1H103JT000N,,C_0603_1608Metric,10nF C0G,smt
82.0,-98.1,90.0,top,C31,C1608C0G1H103JT000N,,C_0603_1608Metric,10nF C0G,smt
82.0,-104.4,90.0,top,C32,C1608C0G1H103JT000N,,C_0603_1608Metric,10nF C0G,smt
10.5,-61.0,0.0,top,C33,CL10B104KB8NNNC,,C_0603_1608Metric,100nF,smt
40.0,-40.0,0.0,bottom,C34,CL10B104KB8NNNC,,C_0603_1608Metric,100nF,smt
40.0,-60.5,0.0,bottom,C35,CL10B104KB8NNNC,,C_0603_1608Metric,100nF,smt
47.0,-42.0,0.0,bottom,C36,CL10B104KB8NNNC,,C_0603_1608Metric,100nF,smt
51.0,-42.0,0.0,bottom,C37,CL31B106KAHNNNE,,C_1206_3216Metric,10uF 16V,smt
83.0,-45.9,0.0,bottom,C39,CC0805KKX7R9BB105,,C_0805_2012Metric,1uF,smt
113.0,-84.0,0.0,top,C4,GCM1885C2A220JA16D,,C_0603_1608Metric,22pF C0G,smt
82.8,-47.7,0.0,bottom,C40,CL10B104KB8NNNC,,C_0603_1608Metric,100nF,smt
82.8,-49.3,0.0,bottom,C41,CL10B104KB8NNNC,,C_0603_1608Metric,100nF,smt
87.1,-47.4,0.0,bottom,C42,CL31B106KAHNNNE,,C_1206_3216Metric,10uF,smt
82.8,-50.9,0.0,bottom,C43,CL10B104KB8NNNC,,C_0603_1608Metric,100nF,smt
82.8,-52.5,0.0,bottom,C44,CL10B104KB8NNNC,,C_0603_1608Metric,100nF,smt
87.1,-52.3,0.0,bottom,C45,CL31B106KAHNNNE,,C_1206_3216Metric,10uF,smt
48.0,-56.0,0.0,bottom,C46,CL31B106KAHNNNE,,C_1206_3216Metric,10uF,smt
106.0,-16.0,0.0,bottom,C47,CL10B104KB8NNNC,,C_0603_1608Metric,100nF,smt
102.0,-24.0,0.0,bottom,C48,CL10B103KB8NNNC,,C_0603_1608Metric,10nF,smt
106.0,-24.0,0.0,bottom,C49,CL10B103KB8NNNC,,C_0603_1608Metric,10nF,smt
117.0,-88.0,0.0,top,C5,EMK316BB7226ML-T,,C_1206_3216Metric,22uF 10V,smt
110.0,-24.0,0.0,bottom,C50,CL10B104KB8NNNC,,C_0603_1608Metric,100nF,smt
94.7,-48.4,-90.0,top,C51,CL21B225KAFNNNE,,C_0805_2012Metric,2.2uF,smt
94.7,-51.9,-90.0,top,C52,CL21B225KAFNNNE,,C_0805_2012Metric,2.2uF,smt
102.33,-48.65,0.0,bottom,C53,CC0603KRX7R8BB105,,C_0603_1608Metric,1uF,smt
97.7,-47.08,180.0,bottom,C54,CL10B104KB8NNNC,,C_0603_1608Metric,100nF,smt
99.9,-55.0,0.0,bottom,C55,CL31B106KAHNNNE,,C_1206_3216Metric,10uF,smt
102.3,-47.08,0.0,bottom,C56,CL10B104KB8NNNC,,C_0603_1608Metric,100nF,smt
106.4,-54.6,0.0,top,C57,25MU225MB23225,,C_1210_3225Metric,2.2uF 25V FILM,smt
106.4,-60.2,0.0,top,C58,25MU225MB23225,,C_1210_3225Metric,2.2uF 25V FILM,smt
112.75,-52.2,0.0,top,C59,CC0603KRX7R8BB105,,C_0603_1608Metric,1uF,smt
123.0,-88.0,0.0,top,C6,EMK316BB7226ML-T,,C_1206_3216Metric,22uF 10V,smt
116.25,-54.6,0.0,top,C60,CC0603KRX7R8BB105,,C_0603_1608Metric,1uF,smt
110.3,-51.75,90.0,top,C61,CC0603KRX7R8BB105,,C_0603_1608Metric,1uF,smt
87.1,-49.85,0.0,bottom,C62,CL31B106KAHNNNE,,C_1206_3216Metric,10uF,smt
97.7,-51.62,180.0,bottom,C64,CL10B104KB8NNNC,,C_0603_1608Metric,100nF,smt
116.25,-56.2,0.0,top,C65,CC0603KRX7R8BB105,,C_0603_1608Metric,1uF,smt
34.0,-74.0,0.0,bottom,C66,EEE-FK1C101P,,CP_Elec_6.3x5.8,100uF 16V,smt
93.0,-55.0,0.0,top,C67,CL10C222JB8NNNC,,C_0603_1608Metric,2.2nF C0G,smt
96.5,-55.0,0.0,top,C68,CL10C222JB8NNNC,,C_0603_1608Metric,2.2nF C0G,smt
102.0,-32.0,0.0,bottom,C69,CL10B104KB8NNNC,,C_0603_1608Metric,100nF,smt
92.5,-55.0,0.0,bottom,C7,CC0805KKX7R9BB105,,C_0805_2012Metric,1uF 10V,smt
106.0,-32.0,0.0,bottom,C70,CL10B104KB8NNNC,,C_0603_1608Metric,100nF,smt
110.0,-32.0,0.0,bottom,C71,CL10B104KB8NNNC,,C_0603_1608Metric,100nF,smt
114.0,-32.0,0.0,bottom,C72,CL10B104KB8NNNC,,C_0603_1608Metric,100nF,smt
118.0,-32.0,0.0,bottom,C73,CL10B104KB8NNNC,,C_0603_1608Metric,100nF,smt
18.5,-45.0,0.0,top,C74,CL31B106KAHNNNE,,C_1206_3216Metric,10uF 16V,smt
17.0,-53.5,0.0,top,C75,CL10B104KB8NNNC,,C_0603_1608Metric,100nF,smt
13.5,-37.5,0.0,top,C76,CL31B106KAHNNNE,,C_1206_3216Metric,10uF 25V,smt
18.5,-37.5,0.0,top,C77,CL31B106KAHNNNE,,C_1206_3216Metric,10uF 25V,smt
48.0,-14.0,0.0,top,C78,CL10B104KB8NNNC,,C_0603_1608Metric,100nF,smt
15.0,-29.0,90.0,bottom,C79,CC0603KRX7R9BB473,,C_0603_1608Metric,47nF,smt
92.5,-59.0,0.0,bottom,C8,GRM21BZ71E475KE15L,,C_0805_2012Metric,4.7uF 10V,smt
5.0,-45.0,0.0,top,C80,GRM1885C1H472JA01D,,C_0603_1608Metric,4.7nF C0G,smt
9.0,-45.0,0.0,top,C81,GCM1885C2A470JA16D,,C_0603_1608Metric,47pF C0G,smt
5.5,-50.5,90.0,top,C83,CL21B225KAFNNNE,,C_0805_2012Metric,2.2uF,smt
20.5,-18.5,90.0,top,C85,CL31B106KAHNNNE,,C_1206_3216Metric,10uF 25V,smt
100.4,-55.7,180.0,top,C86,25MU225MB23225,,C_1210_3225Metric,2.2uF 25V FILM,smt
100.4,-59.1,180.0,top,C87,25MU225MB23225,,C_1210_3225Metric,2.2uF 25V FILM,smt
17.0,-50.0,0.0,top,C88,CL31B106KAHNNNE,,C_1206_3216Metric,10uF 16V,smt
132.0,-31.5,0.0,top,C89,CL10B104KB8NNNC,,C_0603_1608Metric,100nF,smt
42.0,-31.0,0.0,top,C9,CC0805KKX7R9BB105,,C_0805_2012Metric,1uF 10V,smt
124.0,-15.0,90.0,top,C90,GRM21BZ71E106KE15L,,C_0805_2012Metric,10uF 10V,smt
135.0,-15.0,90.0,top,C91,GRM21BZ71E106KE15L,,C_0805_2012Metric,10uF 10V,smt
136.0,-24.5,90.0,top,C92,GRM21BZ71E106KE15L,,C_0805_2012Metric,10uF 10V,smt
110.0,-36.0,0.0,bottom,C93,CL10B103KB8NNNC,,C_0603_1608Metric,10nF,smt
114.0,-36.0,0.0,bottom,C94,CL10B103KB8NNNC,,C_0603_1608Metric,10nF,smt
92.5,-63.0,0.0,bottom,C95,CC0805KKX7R9BB105,,C_0805_2012Metric,1uF 10V,smt
88.0,-63.0,0.0,bottom,C96,GRM21BZ71E475KE15L,,C_0805_2012Metric,4.7uF 10V,smt
36.0,-85.5,90.0,bottom,C97,GRM1885C1H101JA01D,,C_0603_1608Metric,100pF C0G,smt
36.0,-91.8,90.0,bottom,C98,GRM1885C1H101JA01D,,C_0603_1608Metric,100pF C0G,smt
36.0,-98.1,90.0,bottom,C99,GRM1885C1H101JA01D,,C_0603_1608Metric,100pF C0G,smt
14.5,-18.5,0.0,top,D1,B340A-13-F,,D_SMA,B340A 40V 3A,smt
52.0,-10.5,0.0,top,D10,B340A-13-F,,D_SMA,B340A 40V 3A,smt
40.0,-12.8,0.0,top,D11,USBLC6-2SC6,,SOT-23-6,USBLC6-2SC6,smt
7.0,-37.5,0.0,top,D12,B340A-13-F,,D_SMA,B340A 40V 3A,smt
104.0,-100.5,0.0,top,D13,1N4148W-7-F,,D_SOD-123,1N4148W,smt
131.0,-24.5,0.0,top,D14,B340A-13-F,,D_SMA,B340A 40V 3A,smt
123.5,-28.2,0.0,top,D15,1N4148W-7-F,,D_SOD-123,1N4148W,smt
128.3,-28.2,0.0,top,D16,1N4148W-7-F,,D_SOD-123,1N4148W,smt
133.1,-28.2,0.0,top,D17,1N4148W-7-F,,D_SOD-123,1N4148W,smt
98.0,-16.0,0.0,bottom,D18,1N4148W-7-F,,D_SOD-123,1N4148W,smt
98.0,-20.0,0.0,bottom,D19,1N4148W-7-F,,D_SOD-123,1N4148W,smt
8.0,-23.5,0.0,top,D2,SMBJ12A,,D_SMB,SMBJ12A,smt
40.0,-85.5,90.0,bottom,D20,"PESD12VL1BA,115",,D_SOD-323,PESD12VL1BA,smt
40.0,-91.8,90.0,bottom,D21,"PESD12VL1BA,115",,D_SOD-323,PESD12VL1BA,smt
40.0,-98.1,90.0,bottom,D22,"PESD12VL1BA,115",,D_SOD-323,PESD12VL1BA,smt
40.0,-104.4,90.0,bottom,D23,"PESD12VL1BA,115",,D_SOD-323,PESD12VL1BA,smt
34.0,-82.5,0.0,top,D24,BAT54-7-F,,D_SOD-123,BAT54,smt
48.0,-60.0,0.0,bottom,D3,SS14,,D_SMA,SS14,smt
64.73,-112.1,0.0,top,D4,WP7113QBC/D,,LED_D3.0mm_Horizontal_O1.27mm_Z6.0mm,POWER BLUE,tht
74.73,-112.1,0.0,top,D5,WP7113ID,,LED_D3.0mm_Horizontal_O1.27mm_Z6.0mm,RECORD RED,tht
24.0,-68.0,90.0,top,D6,"PESD12VL1BA,115",,D_SOD-323,PESD12VL1BA,smt
24.0,-72.0,90.0,top,D7,"PESD12VL1BA,115",,D_SOD-323,PESD12VL1BA,smt
24.0,-76.0,90.0,top,D8,"PESD12VL1BA,115",,D_SOD-323,PESD12VL1BA,smt
24.0,-80.0,90.0,top,D9,"PESD12VL1BA,115",,D_SOD-323,PESD12VL1BA,smt
7.0,-18.5,0.0,top,F1,1206L075/13.2WR,,Fuse_1206_3216Metric,750mA PTC,smt
52.0,-6.0,0.0,top,F2,1206L200PR,,Fuse_1206_3216Metric,2A PTC,smt
17.5,-8.2,180.0,top,J1,PJ-102AH,,BarrelJack_CUI_PJ-102AH_Horizontal,9V DC IN,tht
121.0,-109.5,0.0,bottom,J10,B2B-PH-K-S,,JST_PH_B2B-PH-K_1x02_P2.00mm_Vertical,BATTERY 1S LiPo,tht
4.0,-74.0,-90.0,top,J2,RJHSE-5380,,RJ45_Amphenol_RJHSE5380,AMBISONIC MIC RJ45,tht
25.0,-19.24,0.0,top,J3,PPTC141LFBN-RC,,PinSocket_1x14_P2.54mm_Vertical,MSP3526 TFT 3.5IN 14PIN SOCKET,tht
26.0,-98.0,-90.0,top,J4,NRJ6HF,,Jack_6.35mm_Neutrik_NRJ6HF_Horizontal,1/4in BINAURAL LINE OUT,tht
135.9,-41.0,-90.0,top,J5,SJ1-3533NG,,Jack_3.5mm_CUI_SJ1-3533NG_Horizontal,1/8in BINAURAL HEADPHONE OUT,tht
40.0,-2.6,180.0,top,J9,TYPE-C-31-M-12,,USB_C_Receptacle_HRO_TYPE-C-31-M-12,USB-C POWER + DATA,smt
113.0,-103.5,0.0,top,K1,G6K-2F-Y DC5,,Relay_DPDT_Omron_G6K-2F-Y,G6K-2F-Y 5VDC,smt
111.5,-88.0,0.0,top,L1,ASPIAIG-F4020-2R2M-T,,L_Abracon_ASPIAIG-F4020,2.2uH 1.5A,smt
18.0,-31.5,0.0,top,L2,SRN6045TA-100M,,L_Bourns_SRN6045TA,10uH 2A,smt
6.0,-58.0,0.0,top,Q1,2N7002NXAKR,,SOT-23,2N7002,smt
104.0,-104.0,0.0,top,Q2,2N7002NXAKR,,SOT-23,2N7002,smt
30.0,-67.0,0.0,top,Q3,AO3401A,,SOT-23,AO3401A,smt
30.0,-71.0,0.0,top,Q4,AO3401A,,SOT-23,AO3401A,smt
34.0,-64.5,0.0,top,Q5,2N7002NXAKR,,SOT-23,2N7002,smt
34.0,-75.5,0.0,top,Q6,AO3401A,,SOT-23,AO3401A,smt
34.0,-79.5,0.0,top,Q7,2N7002NXAKR,,SOT-23,2N7002,smt
38.0,-75.5,180.0,top,Q8,AO3401A,,SOT-23,AO3401A,smt
38.0,-79.5,180.0,top,Q9,2N7002NXAKR,,SOT-23,2N7002,smt
105.0,-84.0,0.0,top,R1,RC0603FR-07680KL,,R_0603_1608Metric,680k,smt
34.0,-85.5,90.0,top,R10,RC0603FR-07100RL,,R_0603_1608Metric,100R RF,smt
26.5,-70.9,90.0,top,R100,RC0603FR-07100KL,,R_0603_1608Metric,100k,smt
41.0,-77.1,90.0,top,R101,RC0603FR-07100KL,,R_0603_1608Metric,100k,smt
38.0,-82.5,0.0,top,R102,RC0603FR-07100RL,,R_0603_1608Metric,100R,smt
26.5,-74.0,90.0,top,R103,RC0603FR-07100KL,,R_0603_1608Metric,100k,smt
26.5,-77.1,90.0,top,R104,RC0603FR-07100KL,,R_0603_1608Metric,100k BLEED,smt
34.5,-68.5,0.0,top,R106,RC0603FR-0710KL,,R_0603_1608Metric,10k,smt
38.0,-68.5,0.0,top,R107,RC0603FR-07100RL,,R_0603_1608Metric,100R,smt
34.5,-71.5,0.0,top,R108,RC0603FR-07100KL,,R_0603_1608Metric,100k,smt
34.0,-91.8,90.0,top,R11,RC0603FR-07100RL,,R_0603_1608Metric,100R RF,smt
32.0,-85.5,90.0,bottom,R110,RC0603FR-07100RL,,R_0603_1608Metric,100R RF,smt
32.0,-91.8,90.0,bottom,R111,RC0603FR-07100RL,,R_0603_1608Metric,100R RF,smt
32.0,-98.1,90.0,bottom,R112,RC0603FR-07100RL,,R_0603_1608Metric,100R RF,smt
32.0,-104.4,90.0,bottom,R113,RC0603FR-07100RL,,R_0603_1608Metric,100R RF,smt
48.0,-85.5,90.0,bottom,R114,RC0603FR-071ML,,R_0603_1608Metric,1M,smt
48.0,-91.8,90.0,bottom,R115,RC0603FR-071ML,,R_0603_1608Metric,1M,smt
48.0,-98.1,90.0,bottom,R116,RC0603FR-071ML,,R_0603_1608Metric,1M,smt
48.0,-104.4,90.0,bottom,R117,RC0603FR-071ML,,R_0603_1608Metric,1M,smt
52.0,-85.5,90.0,bottom,R118,RT0603BRD0710KL,,R_0603_1608Metric,10k 0.1%,smt
52.0,-91.8,90.0,bottom,R119,RT0603BRD0710KL,,R_0603_1608Metric,10k 0.1%,smt
34.0,-98.1,90.0,top,R12,RC0603FR-07100RL,,R_0603_1608Metric,100R RF,smt
52.0,-98.1,90.0,bottom,R120,RT0603BRD0710KL,,R_0603_1608Metric,10k 0.1%,smt
52.0,-104.4,90.0,bottom,R121,RT0603BRD0710KL,,R_0603_1608Metric,10k 0.1%,smt
56.0,-85.5,90.0,bottom,R122,RT0603BRD0790K9L,,R_0603_1608Metric,90.9k 0.1%,smt
56.0,-91.8,90.0,bottom,R123,RT0603BRD0790K9L,,R_0603_1608Metric,90.9k 0.1%,smt
56.0,-98.1,90.0,bottom,R124,RT0603BRD0790K9L,,R_0603_1608Metric,90.9k 0.1%,smt
56.0,-104.4,90.0,bottom,R125,RT0603BRD0790K9L,,R_0603_1608Metric,90.9k 0.1%,smt
50.0,-85.5,90.0,bottom,R126,RC0603FR-07100KL,,R_0603_1608Metric,100k,smt
50.0,-91.8,90.0,bottom,R127,RC0603FR-07100KL,,R_0603_1608Metric,100k,smt
50.0,-98.1,90.0,bottom,R128,RC0603FR-07100KL,,R_0603_1608Metric,100k,smt
50.0,-104.4,90.0,bottom,R129,RC0603FR-07100KL,,R_0603_1608Metric,100k,smt
34.0,-104.4,90.0,top,R13,RC0603FR-07100RL,,R_0603_1608Metric,100R RF,smt
13.3,-48.6,90.0,top,R130,RC0603FR-07130KL,,R_0603_1608Metric,130k,smt
13.3,-52.4,90.0,top,R131,RC0603FR-0720KL,,R_0603_1608Metric,20k,smt
46.0,-85.5,90.0,top,R14,RC0603FR-071ML,,R_0603_1608Metric,1M,smt
46.0,-91.8,90.0,top,R15,RC0603FR-071ML,,R_0603_1608Metric,1M,smt
46.0,-98.1,90.0,top,R16,RC0603FR-071ML,,R_0603_1608Metric,1M,smt
46.0,-104.4,90.0,top,R17,RC0603FR-071ML,,R_0603_1608Metric,1M,smt
50.0,-85.5,90.0,top,R18,RT0603BRD0768KL,,R_0603_1608Metric,68k 0.1%,smt
54.0,-85.5,90.0,top,R19,RT0603BRD0733KL,,R_0603_1608Metric,33k 0.1%,smt
109.0,-84.0,0.0,top,R2,RC0603FR-07130KL,,R_0603_1608Metric,130k,smt
50.0,-91.8,90.0,top,R20,RT0603BRD0768KL,,R_0603_1608Metric,68k 0.1%,smt
54.0,-91.8,90.0,top,R21,RT0603BRD0733KL,,R_0603_1608Metric,33k 0.1%,smt
50.0,-98.1,90.0,top,R22,RT0603BRD0768KL,,R_0603_1608Metric,68k 0.1%,smt
54.0,-98.1,90.0,top,R23,RT0603BRD0733KL,,R_0603_1608Metric,33k 0.1%,smt
50.0,-104.4,90.0,top,R24,RT0603BRD0768KL,,R_0603_1608Metric,68k 0.1%,smt
54.0,-104.4,90.0,top,R25,RT0603BRD0733KL,,R_0603_1608Metric,33k 0.1%,smt
60.0,-85.5,90.0,bottom,R26,RT0603BRD0710KL,,R_0603_1608Metric,10k 0.1%,smt
60.0,-91.8,90.0,bottom,R27,RT0603BRD0710KL,,R_0603_1608Metric,10k 0.1%,smt
60.0,-98.1,90.0,bottom,R28,RT0603BRD0710KL,,R_0603_1608Metric,10k 0.1%,smt
60.0,-104.4,90.0,bottom,R29,RT0603BRD0710KL,,R_0603_1608Metric,10k 0.1%,smt
117.0,-84.0,0.0,top,R3,RC0603FR-07100KL,,R_0603_1608Metric,100k,smt
66.0,-85.5,90.0,bottom,R30,RT0603BRD0790K9L,,R_0603_1608Metric,90.9k 0.1%,smt
66.0,-91.8,90.0,bottom,R31,RT0603BRD0790K9L,,R_0603_1608Metric,90.9k 0.1%,smt
66.0,-98.1,90.0,bottom,R32,RT0603BRD0790K9L,,R_0603_1608Metric,90.9k 0.1%,smt
66.0,-104.4,90.0,bottom,R33,RT0603BRD0790K9L,,R_0603_1608Metric,90.9k 0.1%,smt
78.0,-85.5,90.0,top,R34,RC0603FR-07100RL,,R_0603_1608Metric,100R,smt
78.0,-91.8,90.0,top,R35,RC0603FR-07100RL,,R_0603_1608Metric,100R,smt
78.0,-98.1,90.0,top,R36,RC0603FR-07100RL,,R_0603_1608Metric,100R,smt
78.0,-104.4,90.0,top,R37,RC0603FR-07100RL,,R_0603_1608Metric,100R,smt
86.0,-85.5,90.0,bottom,R38,RC0603FR-07100KL,,R_0603_1608Metric,100k,smt
86.0,-91.8,90.0,bottom,R39,RC0603FR-07100KL,,R_0603_1608Metric,100k,smt
6.0,-64.0,0.0,top,R4,RC0603FR-071ML,,R_0603_1608Metric,1M,smt
86.0,-98.1,90.0,bottom,R40,RC0603FR-07100KL,,R_0603_1608Metric,100k,smt
86.0,-104.4,90.0,bottom,R41,RC0603FR-07100KL,,R_0603_1608Metric,100k,smt
10.5,-57.5,0.0,top,R42,RC0603FR-07100RL,,R_0603_1608Metric,100R,smt
14.5,-57.5,0.0,top,R43,RC0603FR-07100KL,,R_0603_1608Metric,100k,smt
96.0,-40.0,0.0,bottom,R44,RC0603FR-074K7L,,R_0603_1608Metric,4.7k,smt
100.0,-40.0,0.0,bottom,R45,RC0603FR-074K7L,,R_0603_1608Metric,4.7k,smt
104.0,-40.0,0.0,bottom,R46,RC0603FR-0733RL,,R_0603_1608Metric,33R,smt
108.0,-40.0,0.0,bottom,R47,RC0603FR-0733RL,,R_0603_1608Metric,33R,smt
112.0,-40.0,0.0,bottom,R48,RC0603FR-0733RL,,R_0603_1608Metric,33R,smt
116.0,-40.0,0.0,bottom,R49,RC0603FR-0733RL,,R_0603_1608Metric,33R,smt
15.0,-64.0,0.0,top,R5,RC0603FR-070RL,,R_0603_1608Metric,0R CHASSIS LINK,smt
102.0,-16.0,0.0,bottom,R50,RC0603FR-0710KL,,R_0603_1608Metric,10k,smt
102.0,-20.0,0.0,bottom,R51,RC0603FR-0710KL,,R_0603_1608Metric,10k,smt
106.0,-20.0,0.0,bottom,R52,RC0603FR-0710KL,,R_0603_1608Metric,10k,smt
110.0,-20.0,0.0,bottom,R53,RC0603FR-0710KL,,R_0603_1608Metric,10k,smt
70.0,-108.0,0.0,top,R54,RC0603FR-072K2L,,R_0603_1608Metric,2.2k,smt
78.0,-108.0,0.0,top,R55,RC0603FR-071KL,,R_0603_1608Metric,1k,smt
88.0,-57.0,0.0,top,R56,RC0805FR-07100RL,,R_0805_2012Metric,100R TFT BACKLIGHT,smt
86.5,-44.5,0.0,bottom,R57,RC0603FR-0733RL,,R_0603_1608Metric,33R,smt
90.5,-44.5,0.0,bottom,R58,RC0603FR-0733RL,,R_0603_1608Metric,33R,smt
94.5,-44.5,0.0,bottom,R59,RC0603FR-0733RL,,R_0603_1608Metric,33R,smt
30.0,-85.5,90.0,top,R6,RC0603FR-074K7L,,R_0603_1608Metric,4.7k ELECTRET BIAS,smt
98.5,-44.5,0.0,bottom,R60,RC0603FR-0710KL,,R_0603_1608Metric,10k,smt
102.5,-44.5,0.0,bottom,R61,RC0603FR-07100RL,,R_0603_1608Metric,100R,smt
93.0,-58.0,0.0,top,R62,RC0603FR-13470RL,,R_0603_1608Metric,470R,smt
96.5,-58.0,0.0,top,R63,RC0603FR-13470RL,,R_0603_1608Metric,470R,smt
108.0,-48.0,0.0,top,R64,RC0603FR-07100KL,,R_0603_1608Metric,100k,smt
125.0,-64.0,0.0,top,R65,RC0603FR-0710RL,,R_0603_1608Metric,10R,smt
125.0,-67.5,0.0,top,R66,RC0603FR-0710RL,,R_0603_1608Metric,10R,smt
28.0,-80.0,0.0,top,R67,RC0603FR-07100RL,,R_0603_1608Metric,100R MIC BIAS FILTER,smt
120.0,-40.0,0.0,bottom,R69,RC0603FR-0733RL,,R_0603_1608Metric,33R,smt
30.0,-91.8,90.0,top,R7,RC0603FR-074K7L,,R_0603_1608Metric,4.7k ELECTRET BIAS,smt
102.0,-28.0,0.0,bottom,R70,RC0603FR-0710KL,,R_0603_1608Metric,10k,smt
106.0,-28.0,0.0,bottom,R71,RC0603FR-0710KL,,R_0603_1608Metric,10k,smt
110.0,-28.0,0.0,bottom,R72,RC0603FR-0710KL,,R_0603_1608Metric,10k,smt
114.0,-28.0,0.0,bottom,R73,RC0603FR-0710KL,,R_0603_1608Metric,10k,smt
118.0,-28.0,0.0,bottom,R74,RC0603FR-0710KL,,R_0603_1608Metric,10k,smt
33.0,-9.0,90.0,top,R75,RC0603FR-075K1L,,R_0603_1608Metric,5.1k,smt
47.0,-9.0,90.0,top,R76,RC0603FR-075K1L,,R_0603_1608Metric,5.1k,smt
56.0,-14.0,0.0,top,R77,RC0603FR-07100KL,,R_0603_1608Metric,100k,smt
52.0,-14.0,0.0,top,R78,RC0603FR-0747KL,,R_0603_1608Metric,47k,smt
17.0,-41.5,0.0,top,R79,RC0603FR-0710KL,,R_0603_1608Metric,10k,smt
30.0,-98.1,90.0,top,R8,RC0603FR-074K7L,,R_0603_1608Metric,4.7k ELECTRET BIAS,smt
5.0,-41.5,0.0,top,R80,RC0603FR-0775KL,,R_0603_1608Metric,75k,smt
9.0,-41.5,0.0,top,R81,RC0603FR-0710KL,,R_0603_1608Metric,10k,smt
13.0,-41.5,0.0,top,R82,RC0603FR-0780K6L,,R_0603_1608Metric,80.6k,smt
18.5,-57.5,0.0,top,R83,RC0603FR-0710KL,,R_0603_1608Metric,10k,smt
100.0,-104.0,0.0,top,R84,RC0603FR-07100RL,,R_0603_1608Metric,100R,smt
100.0,-107.5,0.0,top,R85,RC0603FR-07100KL,,R_0603_1608Metric,100k,smt
30.0,-74.5,0.0,top,R86,RC0603FR-071ML,,R_0603_1608Metric,1M,smt
30.0,-77.5,0.0,top,R87,RC0603FR-071ML,,R_0603_1608Metric,1M,smt
136.5,-28.5,90.0,top,R88,RC0603FR-071ML,,R_0603_1608Metric,1M,smt
124.0,-31.5,0.0,top,R89,RC0603FR-071ML,,R_0603_1608Metric,1M,smt
30.0,-104.4,90.0,top,R9,RC0603FR-074K7L,,R_0603_1608Metric,4.7k ELECTRET BIAS,smt
128.0,-31.5,0.0,top,R90,RC0603FR-071ML,,R_0603_1608Metric,1M,smt
123.5,-20.5,0.0,top,R91,RC0603FR-071K1L,,R_0603_1608Metric,1.1k ILIM,smt
127.0,-20.5,0.0,top,R92,RC0603FR-071K2L,,R_0603_1608Metric,1.2k ISET,smt
130.5,-20.5,0.0,top,R93,RC0603FR-0710KL,,R_0603_1608Metric,10k TS,smt
134.0,-20.5,0.0,top,R94,RC0603FR-07100KL,,R_0603_1608Metric,100k,smt
124.0,-24.5,0.0,top,R95,RC0603FR-07100KL,,R_0603_1608Metric,100k,smt
102.0,-36.0,0.0,bottom,R96,RC0603FR-0710KL,,R_0603_1608Metric,10k,smt
106.0,-36.0,0.0,bottom,R97,RC0603FR-0710KL,,R_0603_1608Metric,10k,smt
41.0,-74.0,90.0,top,R98,RC0603FR-07100KL,,R_0603_1608Metric,100k,smt
41.0,-80.2,90.0,top,R99,RC0603FR-07100RL,,R_0603_1608Metric,100R,smt
43.75,-71.25,0.0,top,SW2,TS02-66-150-BK-160-LCR-D,,SW_PUSH_6mm,RECORD START/STOP,tht
61.5,-71.0,0.0,top,SW3,EC11E15244G1,,RotaryEncoder_Alps_EC11E-Switch_Vertical_H20mm,MASTER GAIN,tht
91.0,-73.5,0.0,top,SW4,RKJXT1F42001,,SW_Nav5_ALPS_RKJXT1F42001,TFT MENU NAV,tht
105.0,-88.0,0.0,top,U1,TPS62160DGKR,,VSSOP-8_3x3mm_P0.65mm,TPS62160DGK,smt
112.0,-56.0,0.0,top,U10,TPA6130A2RTJR,,WQFN-20-1EP_4x4mm_P0.5mm_EP2.7x2.7mm,TPA6130A2RTJ,smt
9.5,-31.5,180.0,top,U11,TPS61175PWPR,,Texas_HTSSOP-14-1EP_4.4x5mm_P0.65mm_EP3.4x5mm_Mask3.155x3.255mm,TPS61175PWP,smt
9.5,-50.5,0.0,top,U12,ADP7142AUJZ-R7,,TSOT-23-5,ADP7142AUJZ,smt
129.5,-16.5,0.0,top,U13,BQ24074RGTR,,VQFN-16-1EP_3x3mm_P0.5mm_EP1.68x1.68mm,BQ24074RGT,smt
88.0,-59.5,0.0,bottom,U14,TPS7A2033PDBVR,,SOT-23-5,TPS7A2033PDBV,smt
40.5,-63.0,0.0,top,U15,CD4053BPWR,,TSSOP-16_4.4x5mm_P0.65mm,CD4053BPW,smt
52.0,-61.5,0.0,top,U16,OPA1654AIPWR,,TSSOP-14_4.4x5mm_P0.65mm,OPA1654,smt
88.0,-55.6,0.0,bottom,U2,TPS7A2033PDBVR,,SOT-23-5,TPS7A2033PDBV,smt
46.0,-26.0,0.0,top,U3,TLE2426IDR,,SOIC-8_3.9x4.9mm_P1.27mm,TLE2426ID,smt
40.0,-44.0,0.0,top,U4,CD4053BPWR,,TSSOP-16_4.4x5mm_P0.65mm,CD4053BPW,smt
40.0,-56.0,0.0,top,U5,CD4053BPWR,,TSSOP-16_4.4x5mm_P0.65mm,CD4053BPW,smt
52.0,-50.0,0.0,top,U6,OPA1654AIPWR,,TSSOP-14_4.4x5mm_P0.65mm,OPA1654,smt
83.5,-49.5,0.0,top,U7,PCM1864DBTR,,TSSOP-30_4.4x7.8mm_P0.5mm,PCM1864DBT,smt
60.0,-62.5,0.0,bottom,U8,TEENSY41,,Teensy41_Socket,Teensy 4.1,tht
100.0,-50.0,0.0,top,U9,PCM5102APWR,,TSSOP-20_4.4x6.5mm_P0.65mm,PCM5102A,smt
