Designator,Mid X (mm),Mid Y (mm),Layer,Rotation
C7,92.5000,59.1500,bottom,0.0
C8,92.5000,55.1500,bottom,0.0
C21,70.0000,28.1500,bottom,90.0
C22,70.0000,22.1500,bottom,90.0
C23,70.0000,16.1500,bottom,90.0
C24,70.0000,10.1500,bottom,90.0
C34,40.0000,74.1500,bottom,0.0
C35,40.0000,53.6500,bottom,0.0
C36,47.0000,72.1500,bottom,0.0
C37,51.0000,72.1500,bottom,0.0
C38,56.0000,68.1500,bottom,0.0
C39,56.0000,64.1500,bottom,0.0
C40,56.0000,60.1500,bottom,0.0
C41,84.0000,70.1500,bottom,0.0
C42,84.0000,66.1500,bottom,0.0
C43,84.0000,62.1500,bottom,0.0
C44,84.0000,58.1500,bottom,0.0
C45,84.0000,54.1500,bottom,0.0
C46,48.0000,58.1500,bottom,0.0
C47,106.0000,98.1500,bottom,0.0
C48,102.0000,90.1500,bottom,0.0
C49,106.0000,90.1500,bottom,0.0
C50,110.0000,90.1500,bottom,0.0
C62,93.0000,66.1500,bottom,0.0
C63,93.0000,62.1500,bottom,0.0
C66,34.0000,40.1500,bottom,0.0
C69,102.0000,82.1500,bottom,0.0
C70,106.0000,82.1500,bottom,0.0
C71,110.0000,82.1500,bottom,0.0
C72,114.0000,82.1500,bottom,0.0
C73,118.0000,82.1500,bottom,0.0
D3,48.0000,54.1500,bottom,0.0
R26,60.0000,28.1500,bottom,90.0
R27,60.0000,22.1500,bottom,90.0
R28,60.0000,16.1500,bottom,90.0
R29,60.0000,10.1500,bottom,90.0
R30,66.0000,28.1500,bottom,90.0
R31,66.0000,22.1500,bottom,90.0
R32,66.0000,16.1500,bottom,90.0
R33,66.0000,10.1500,bottom,90.0
R38,86.0000,28.1500,bottom,90.0
R39,86.0000,22.1500,bottom,90.0
R40,86.0000,16.1500,bottom,90.0
R41,86.0000,10.1500,bottom,90.0
R44,96.0000,74.1500,bottom,0.0
R45,100.0000,74.1500,bottom,0.0
R46,104.0000,74.1500,bottom,0.0
R47,108.0000,74.1500,bottom,0.0
R48,112.0000,74.1500,bottom,0.0
R49,116.0000,74.1500,bottom,0.0
R50,102.0000,98.1500,bottom,0.0
R51,102.0000,94.1500,bottom,0.0
R52,106.0000,94.1500,bottom,0.0
R53,110.0000,94.1500,bottom,0.0
R57,86.0000,68.1500,bottom,0.0
R58,90.0000,68.1500,bottom,0.0
R59,94.0000,68.1500,bottom,0.0
R60,98.0000,68.1500,bottom,0.0
R61,102.0000,68.1500,bottom,0.0
R69,120.0000,74.1500,bottom,0.0
R70,102.0000,86.1500,bottom,0.0
R71,106.0000,86.1500,bottom,0.0
R72,110.0000,86.1500,bottom,0.0
R73,114.0000,86.1500,bottom,0.0
R74,118.0000,86.1500,bottom,0.0
U2,88.0000,59.1500,bottom,0.0
U8,60.0000,51.6500,bottom,0.0
C1,127.0000,18.1500,top,0.0
C2,108.0000,21.6500,top,0.0
C3,114.0000,21.6500,top,0.0
C4,113.0000,30.1500,top,0.0
C5,117.0000,26.1500,top,0.0
C6,123.0000,26.1500,top,0.0
C9,30.0000,83.1500,top,0.0
C10,35.0000,83.1500,top,0.0
C11,39.5000,83.1500,top,0.0
C12,10.5000,50.1500,top,0.0
C13,38.0000,28.1500,top,90.0
C14,38.0000,22.1500,top,90.0
C15,38.0000,16.1500,top,90.0
C16,38.0000,10.1500,top,90.0
C17,42.0000,28.1500,top,90.0
C18,42.0000,22.1500,top,90.0
C19,42.0000,16.1500,top,90.0
C20,42.0000,10.1500,top,90.0
C25,74.0000,28.1500,top,90.0
C26,74.0000,22.1500,top,90.0
C27,74.0000,16.1500,top,90.0
C28,74.0000,10.1500,top,90.0
C29,82.0000,28.1500,top,90.0
C30,82.0000,22.1500,top,90.0
C31,82.0000,16.1500,top,90.0
C32,82.0000,10.1500,top,90.0
C33,15.0000,62.1500,top,0.0
C51,91.0000,68.1500,top,0.0
C52,95.0000,71.1500,top,0.0
C53,98.5000,71.1500,top,0.0
C54,102.0000,71.1500,top,0.0
C55,109.5000,71.1500,top,0.0
C56,91.0000,61.1500,top,0.0
C57,123.0000,38.1500,top,0.0
C58,123.0000,34.6500,top,0.0
C59,106.0000,62.1500,top,0.0
C60,106.0000,55.6500,top,0.0
C61,105.0000,46.6500,top,0.0
C64,91.0000,64.6500,top,0.0
C65,117.0000,62.1500,top,0.0
C67,95.0000,59.1500,top,0.0
C68,98.5000,59.1500,top,0.0
D1,96.0000,14.1500,top,90.0
D2,96.0000,21.6500,top,90.0
D4,66.0000,6.1500,top,0.0
D5,74.0000,6.1500,top,0.0
D6,24.0000,46.1500,top,90.0
D7,24.0000,42.1500,top,90.0
D8,24.0000,38.1500,top,90.0
D9,24.0000,34.1500,top,90.0
F1,96.0000,7.1500,top,90.0
J1,108.0000,8.3500,top,0.0
J2,4.0000,40.1500,top,-90.0
J3,113.3500,51.1500,top,-90.0
J4,22.0000,17.1500,top,-90.0
J5,133.5000,73.1500,top,-90.0
J6,82.0000,108.1500,top,90.0
J7,82.0000,101.6500,top,90.0
L1,111.5000,26.1500,top,0.0
R1,105.0000,30.1500,top,0.0
R2,109.0000,30.1500,top,0.0
R3,117.0000,30.1500,top,0.0
R4,6.0000,50.1500,top,0.0
R5,15.0000,50.1500,top,0.0
R6,30.0000,28.1500,top,90.0
R7,30.0000,22.1500,top,90.0
R8,30.0000,16.1500,top,90.0
R9,30.0000,10.1500,top,90.0
R10,34.0000,28.1500,top,90.0
R11,34.0000,22.1500,top,90.0
R12,34.0000,16.1500,top,90.0
R13,34.0000,10.1500,top,90.0
R14,46.0000,28.1500,top,90.0
R15,46.0000,22.1500,top,90.0
R16,46.0000,16.1500,top,90.0
R17,46.0000,10.1500,top,90.0
R18,50.0000,28.1500,top,90.0
R19,54.0000,28.1500,top,90.0
R20,50.0000,22.1500,top,90.0
R21,54.0000,22.1500,top,90.0
R22,50.0000,16.1500,top,90.0
R23,54.0000,16.1500,top,90.0
R24,50.0000,10.1500,top,90.0
R25,54.0000,10.1500,top,90.0
R34,78.0000,28.1500,top,90.0
R35,78.0000,22.1500,top,90.0
R36,78.0000,16.1500,top,90.0
R37,78.0000,10.1500,top,90.0
R42,6.0000,62.1500,top,0.0
R43,10.5000,62.1500,top,0.0
R54,70.0000,6.1500,top,0.0
R55,78.0000,6.1500,top,0.0
R56,88.0000,57.1500,top,0.0
R62,95.0000,56.1500,top,0.0
R63,98.5000,56.1500,top,0.0
R64,108.0000,66.1500,top,0.0
R65,125.0000,50.1500,top,0.0
R66,125.0000,46.6500,top,0.0
R67,28.0000,34.1500,top,0.0
R68,19.5000,62.1500,top,0.0
RV1,132.0000,32.1500,top,180.0
SW1,2.2000,74.1500,top,0.0
SW2,40.7500,43.1500,top,0.0
SW3,61.5000,43.1500,top,0.0
SW4,91.0000,40.6500,top,0.0
U1,105.0000,26.1500,top,0.0
U3,34.0000,88.1500,top,0.0
U4,40.0000,70.1500,top,0.0
U5,40.0000,58.1500,top,0.0
U6,52.0000,64.1500,top,0.0
U7,68.0000,64.1500,top,0.0
U9,100.0000,64.1500,top,0.0
U10,112.0000,58.1500,top,0.0
