"Reference","Value","Footprint","Manufacturer","MPN","Description"
"C1","100uF 25V","Capacitor_SMD:CP_Elec_6.3x5.8","Panasonic","EEE-FK series low-ESR aluminium electrolytic",""
"C2","100nF 25V","Capacitor_SMD:C_0805_2012Metric","Murata","GRM series X7R/C0G",""
"C3","10uF 25V","Capacitor_SMD:C_1206_3216Metric","Murata","GRM series X7R/C0G",""
"C4,C21-C24","22pF C0G","Capacitor_SMD:C_0603_1608Metric","Murata","GRM series X7R/C0G",""
"C5,C6","22uF 10V","Capacitor_SMD:C_1206_3216Metric","Murata","GRM series X7R/C0G",""
"C7,C9","1uF 10V","Capacitor_SMD:C_0805_2012Metric","Murata","GRM series X7R/C0G",""
"C8","4.7uF 10V","Capacitor_SMD:C_0805_2012Metric","Murata","GRM series X7R/C0G",""
"C10","47uF 10V","Capacitor_SMD:C_1206_3216Metric","Murata","GRM series X7R/C0G",""
"C11,C33-C36,C40,C41,C43,C44,C47,C50,C54,C56,C63,C64,C69-C73","100nF","Capacitor_SMD:C_0603_1608Metric","Murata","GRM series X7R/C0G",""
"C12","1nF 1kV C0G","Capacitor_SMD:C_0805_2012Metric","Murata","GRM series X7R/C0G",""
"C13-C16","100pF C0G","Capacitor_SMD:C_0603_1608Metric","Murata","GRM series X7R/C0G",""
"C17-C20,C25-C28","4.7uF 16V","Capacitor_SMD:C_1206_3216Metric","Murata","GRM series X7R/C0G",""
"C29-C32","10nF C0G","Capacitor_SMD:C_0603_1608Metric","Murata","GRM series X7R/C0G",""
"C37","10uF 16V","Capacitor_SMD:C_1206_3216Metric","Murata","GRM series X7R/C0G",""
"C38,C39,C53","1uF","Capacitor_SMD:C_0805_2012Metric","Murata","GRM series X7R/C0G",""
"C42,C45,C46,C55,C62","10uF","Capacitor_SMD:C_1206_3216Metric","Murata","GRM series X7R/C0G",""
"C48,C49","10nF","Capacitor_SMD:C_0603_1608Metric","Murata","GRM series X7R/C0G",""
"C51,C52","2.2uF","Capacitor_SMD:C_0805_2012Metric","Murata","GRM series X7R/C0G",""
"C57","680nF X7R","Capacitor_SMD:C_0805_2012Metric","Murata","GRM series X7R/C0G",""
"C58","680nF X7R","Capacitor_SMD:C_0603_1608Metric","Murata","GRM series X7R/C0G",""
"C59","1uF","Capacitor_SMD:C_0603_1608Metric","Murata","GRM series X7R/C0G",""
"C60,C61,C65","2.2uF","Capacitor_SMD:C_0603_1608Metric","Murata","GRM series X7R/C0G",""
"C66","100uF 16V","Capacitor_SMD:CP_Elec_6.3x5.8","Panasonic","EEE-FK series low-ESR aluminium electrolytic",""
"C67,C68","2.2nF C0G","Capacitor_SMD:C_0603_1608Metric","Murata","GRM series X7R/C0G",""
"D1,D3","SS14","Diode_SMD:D_SMA","Diodes Incorporated","SS14-13-F",""
"D2","SMBJ12A","Diode_SMD:D_SMB","Littelfuse","SMBJ12A",""
"D4","POWER BLUE","LED_SMD:LED_0603_1608Metric","Lite-On","LTST-C190TBKT",""
"D5","RECORD RED","LED_SMD:LED_0603_1608Metric","Lite-On","LTST-C190KRKT",""
"D6-D9","PESD12VL1BA","Diode_SMD:D_SOD-323","Nexperia","PESD12VL1BA,115",""
"F1","750mA PTC","Fuse:Fuse_1206_3216Metric","Littelfuse","1206L075/13.2WR",""
"J1","9V DC IN","Connector_BarrelJack:BarrelJack_CUI_PJ-102AH_Horizontal","CUI Devices","PJ-102AH",""
"J2","AMBISONIC MIC RJ45","Connector_RJ:RJ45_Amphenol_RJHSE5380","Amphenol ICC","RJHSE-5380",""
"J3","MSP3520 TFT 3.5IN 14PIN HEADER","Connector_PinHeader_2.54mm:PinHeader_1x14_P2.54mm_Vertical","Sullins Connector Solutions","PRPC014SAAN-RC","14-pin 2.54 mm header for LCDWiki MSP3520 ILI9488/XPT2046 3.5in resistive-touch TFT module"
"J4","1/4in BINAURAL LINE OUT","Connector_Audio:Jack_6.35mm_Neutrik_NRJ6HF_Horizontal","Neutrik","NRJ6HF",""
"J5","1/8in BINAURAL HEADPHONE OUT","Connector_Audio:Jack_3.5mm_CUI_SJ1-3533NG_Horizontal","CUI Devices","SJ1-3533NG",""
"J6","ANALOG TEST HEADER 2x13","Connector_PinHeader_2.54mm:PinHeader_2x13_P2.54mm_Vertical","Generic","2x13 0.1in pin header","Internal analog test header: every stage of all four channels"
"J7","DIGITAL TEST HEADER 2x13","Connector_PinHeader_2.54mm:PinHeader_2x13_P2.54mm_Vertical","Generic","2x13 0.1in pin header","Internal digital/control test header: every bus and control line"
"L1","2.2uH 1.5A","Inductor_SMD:L_Abracon_ASPIAIG-F4020","Abracon","ASPIAIG-F4020-2R2M-T",""
"R1","680k","Resistor_SMD:R_0603_1608Metric","Yageo","RC0603FR series, 1%",""
"R2","130k","Resistor_SMD:R_0603_1608Metric","Yageo","RC0603FR series, 1%",""
"R3,R38-R42,R64","100k","Resistor_SMD:R_0603_1608Metric","Yageo","RC0603FR series, 1%",""
"R4,R14-R17","1M","Resistor_SMD:R_0603_1608Metric","Yageo","RC0603FR series, 1%",""
"R5","0R CHASSIS LINK","Resistor_SMD:R_0603_1608Metric","Yageo","RC0603FR series, 1%",""
"R6-R9","4.7k ELECTRET BIAS","Resistor_SMD:R_0603_1608Metric","Yageo","RC0603FR series, 1%",""
"R10-R13","100R RF","Resistor_SMD:R_0603_1608Metric","Yageo","RC0603FR series, 1%",""
"R18,R20,R22,R24","68k 0.1%","Resistor_SMD:R_0603_1608Metric","Vishay","TNPW0603 series, 0.1%",""
"R19,R21,R23,R25","33k 0.1%","Resistor_SMD:R_0603_1608Metric","Vishay","TNPW0603 series, 0.1%",""
"R26-R29","10k 0.1%","Resistor_SMD:R_0603_1608Metric","Vishay","TNPW0603 series, 0.1%",""
"R30-R33","90.9k 0.1%","Resistor_SMD:R_0603_1608Metric","Vishay","TNPW0603 series, 0.1%",""
"R34-R37,R61","100R","Resistor_SMD:R_0603_1608Metric","Yageo","RC0603FR series, 1%",""
"R43","47k","Resistor_SMD:R_0603_1608Metric","Yageo","RC0603FR series, 1%",""
"R44,R45","4.7k","Resistor_SMD:R_0603_1608Metric","Yageo","RC0603FR series, 1%",""
"R46-R49,R57-R59,R69","33R","Resistor_SMD:R_0603_1608Metric","Yageo","RC0603FR series, 1%",""
"R50-R53,R60,R70-R74","10k","Resistor_SMD:R_0603_1608Metric","Yageo","RC0603FR series, 1%",""
"R54","2.2k","Resistor_SMD:R_0603_1608Metric","Yageo","RC0603FR series, 1%",""
"R55,R68","1k","Resistor_SMD:R_0603_1608Metric","Yageo","RC0603FR series, 1%",""
"R56","100R TFT BACKLIGHT","Resistor_SMD:R_0805_2012Metric","Yageo","RC0805FR-07100RL",""
"R62,R63","470R","Resistor_SMD:R_0603_1608Metric","Yageo","RC0603FR series, 1%",""
"R65,R66","10R","Resistor_SMD:R_0603_1608Metric","Yageo","RC0603FR series, 1%",""
"R67","100R MIC BIAS FILTER","Resistor_SMD:R_0603_1608Metric","Yageo","RC0603FR series, 1%",""
"RV1","10kA HEADPHONE VOLUME","QuadPreRecorder:RK097_Dual_Horizontal_NoEdgeGuide","Alps Alpine","RK0971221-F15-C0-A103",""
"SW1","PAD -10dB","QuadPreRecorder:SW_Toggle_ESwitch_100SP_M7","E-Switch","100SP1T1B1M7REH","Right-angle PCB toggle, 1/4-40 x 8.89mm threaded bushing through the left enclosure wall"
"SW2","RECORD START/STOP","Button_Switch_THT:SW_PUSH-12mm","Omron","B3F-5150","12mm tactile switch, 17.5mm tall plunger to reach the 1590F lid"
"SW3","MASTER GAIN","Rotary_Encoder:RotaryEncoder_Alps_EC11E-Switch_Vertical_H20mm","Alps Alpine","EC11E15244G1",""
"SW4","TFT MENU NAV","QuadPreRecorder:SW_Nav_ALPS_SKQUCAA010","Alps Alpine","SKQUCAA010","ALPS 4-directional + center push TACT switch, snap-in"
"U1","TPS62160DGK","Package_SO:VSSOP-8_3x3mm_P0.65mm","Texas Instruments","TPS62160DGKR",""
"U2","TPS7A2033PDBV","Package_TO_SOT_SMD:SOT-23-5","Texas Instruments","TPS7A2033PDBVR",""
"U3","TLE2426ID","Package_SO:SOIC-8_3.9x4.9mm_P1.27mm","Texas Instruments","TLE2426IDR",""
"U4,U5","CD4053BPW","Package_SO:TSSOP-16_4.4x5mm_P0.65mm","Texas Instruments","CD4053BPWR",""
"U6","OPA1654","Package_SO:TSSOP-14_4.4x5mm_P0.65mm","Texas Instruments","OPA1654AIPWR","Quad low-noise FET-input audio operational amplifier"
"U7","PCM1864DBT","Package_SO:TSSOP-30_4.4x7.8mm_P0.5mm","Texas Instruments","PCM1864DBTR","Four-channel software-controlled 192 kHz audio ADC with matched PGA"
"U8","Teensy 4.1","QuadPreRecorder:Teensy41_Socket","PJRC","TEENSY41","600 MHz Cortex-M7 module with native 4-bit SDIO microSD"
"U9","PCM5102A","Package_SO:TSSOP-20_4.4x6.5mm_P0.65mm","Texas Instruments","PCM5102APWR",""
"U10","TPA6132A2","Package_DFN_QFN:WQFN-16-1EP_3x3mm_P0.5mm_EP1.6x1.6mm","Texas Instruments","TPA6132A2RTER",""
